order_id,date,region,category,units,unit_price,revenue
10000,2025-01-01,West,Sports,3,63.08,189.24
10001,2025-01-01,North,Sports,2,65.67,131.34
10002,2025-01-01,North,Sports,4,61.48,245.92
10003,2025-01-02,North,Books,3,23.85,71.55
10004,2025-01-02,North,Books,4,28.4,113.6
10005,2025-01-02,East,Sports,3,49.3,147.9
10006,2025-01-02,North,Sports,5,62.59,312.95
10007,2025-01-02,North,Home,4,83.26,333.04
10008,2025-01-02,East,Home,1,87.33,87.33
10009,2025-01-03,East,Books,4,24.9,99.6
10010,2025-01-03,North,Home,1,65.23,65.23
10011,2025-01-03,East,Sports,5,65.89,329.45
10012,2025-01-03,East,Home,2,71.77,143.54
10013,2025-01-03,North,Home,4,64.49,257.96
10014,2025-01-03,North,Sports,3,49.45,148.35
10015,2025-01-03,East,Sports,5,62.9,314.5
10016,2025-01-03,South,Sports,4,51.34,205.36
10017,2025-01-04,West,Home,5,72.51,362.55
10018,2025-01-04,West,Home,2,64.99,129.98
10019,2025-01-04,East,Books,1,20.32,20.32
10020,2025-01-04,West,Books,4,27.39,109.56
10021,2025-01-04,East,Home,4,74.68,298.72
10022,2025-01-04,East,Sports,1,47.1,47.1
10023,2025-01-04,North,Home,4,75.05,300.2
10024,2025-01-05,East,Electronics,4,192.64,770.56
10025,2025-01-05,East,Sports,1,51.47,51.47
10026,2025-01-05,East,Sports,1,54.44,54.44
10027,2025-01-05,West,Electronics,2,208.62,417.24
10028,2025-01-05,South,Electronics,2,150.49,300.98
10029,2025-01-05,West,Home,5,81.09,405.45
10030,2025-01-05,South,Electronics,3,203.54,610.62
10031,2025-01-05,West,Sports,3,62.87,188.61
10032,2025-01-06,South,Electronics,2,153.28,306.56
10033,2025-01-06,North,Books,4,25.08,100.32
10034,2025-01-06,East,Electronics,5,157.84,789.2
10035,2025-01-06,East,Home,4,74.75,299.0
10036,2025-01-06,North,Home,2,80.37,160.74
10037,2025-01-07,East,Home,5,64.92,324.6
10038,2025-01-07,North,Home,5,89.15,445.75
10039,2025-01-07,South,Sports,3,66.74,200.22
10040,2025-01-07,South,Home,4,83.27,333.08
10041,2025-01-08,South,Sports,2,47.26,94.52
10042,2025-01-08,South,Books,1,22.57,22.57
10043,2025-01-08,South,Sports,2,58.14,116.28
10044,2025-01-08,East,Electronics,3,203.52,610.56
10045,2025-01-08,West,Home,4,74.77,299.08
10046,2025-01-08,South,Sports,1,59.74,59.74
10047,2025-01-08,East,Sports,1,54.46,54.46
10048,2025-01-09,North,Electronics,3,172.41,517.23
10049,2025-01-09,East,Electronics,4,191.49,765.96
10050,2025-01-09,North,Books,1,30.06,30.06
10051,2025-01-09,West,Sports,3,58.58,175.74
10052,2025-01-09,South,Home,1,91.22,91.22
10053,2025-01-09,South,Home,3,64.22,192.66
10054,2025-01-09,West,Home,3,76.8,230.4
10055,2025-01-10,West,Electronics,3,183.58,550.74
10056,2025-01-10,West,Home,5,77.95,389.75
10057,2025-01-10,South,Books,3,20.84,62.52
10058,2025-01-10,South,Books,1,22.06,22.06
10059,2025-01-10,West,Home,3,65.21,195.63
10060,2025-01-11,East,Electronics,2,197.97,395.94
10061,2025-01-11,East,Sports,5,47.94,239.7
10062,2025-01-11,West,Sports,5,50.73,253.65
10063,2025-01-11,North,Electronics,1,176.49,176.49
10064,2025-01-11,East,Home,5,87.1,435.5
10065,2025-01-11,West,Home,2,71.06,142.12
10066,2025-01-12,East,Sports,5,66.98,334.9
10067,2025-01-12,South,Electronics,1,152.67,152.67
10068,2025-01-12,South,Home,5,89.95,449.75
10069,2025-01-12,West,Electronics,4,215.82,863.28
10070,2025-01-12,North,Books,1,24.01,24.01
10071,2025-01-12,East,Electronics,4,198.71,794.84
10072,2025-01-12,South,Home,5,85.45,427.25
10073,2025-01-12,North,Home,2,91.36,182.72
10074,2025-01-13,North,Electronics,1,211.98,211.98
10075,2025-01-13,West,Electronics,4,194.63,778.52
10076,2025-01-13,North,Sports,5,50.25,251.25
10077,2025-01-13,South,Home,5,92.72,463.6
10078,2025-01-13,West,Home,3,66.89,200.67
10079,2025-01-13,West,Electronics,1,159.62,159.62
10080,2025-01-13,North,Electronics,4,158.87,635.48
10081,2025-01-13,South,Sports,5,59.05,295.25
10082,2025-01-14,South,Electronics,5,203.91,1019.55
10083,2025-01-14,West,Electronics,4,160.03,640.12
10084,2025-01-14,South,Electronics,3,180.04,540.12
10085,2025-01-14,West,Books,2,25.95,51.9
10086,2025-01-14,East,Sports,2,52.46,104.92
10087,2025-01-14,West,Books,5,21.12,105.6
10088,2025-01-14,East,Sports,1,48.32,48.32
10089,2025-01-15,East,Electronics,4,223.39,893.56
10090,2025-01-15,South,Electronics,3,220.88,662.64
10091,2025-01-15,East,Books,3,29.13,87.39
10092,2025-01-15,South,Books,1,22.06,22.06
10093,2025-01-15,South,Books,2,23.35,46.7
10094,2025-01-15,West,Home,3,81.77,245.31
10095,2025-01-16,West,Books,4,25.31,101.24
10096,2025-01-16,North,Home,5,83.45,417.25
10097,2025-01-16,South,Books,5,25.74,128.7
10098,2025-01-16,East,Electronics,2,207.39,414.78
10099,2025-01-16,North,Books,5,22.08,110.4
10100,2025-01-16,West,Electronics,3,162.09,486.27
10101,2025-01-16,East,Electronics,5,174.49,872.45
10102,2025-01-16,West,Electronics,5,163.55,817.75
10103,2025-01-17,North,Home,3,66.76,200.28
10104,2025-01-17,North,Sports,1,47.57,47.57
10105,2025-01-17,North,Electronics,5,196.25,981.25
10106,2025-01-17,North,Sports,4,55.39,221.56
10107,2025-01-17,West,Home,5,90.73,453.65
10108,2025-01-17,East,Books,5,21.5,107.5
10109,2025-01-17,South,Electronics,5,170.37,851.85
10110,2025-01-17,North,Sports,3,55.92,167.76
10111,2025-01-18,North,Electronics,2,191.68,383.36
10112,2025-01-18,West,Electronics,1,155.85,155.85
10113,2025-01-18,West,Home,5,66.43,332.15
10114,2025-01-18,West,Books,5,31.43,157.15
10115,2025-01-19,South,Books,3,27.95,83.85
10116,2025-01-19,West,Sports,4,49.68,198.72
10117,2025-01-19,West,Sports,2,66.5,133.0
10118,2025-01-19,East,Books,3,25.23,75.69
10119,2025-01-19,East,Sports,2,49.8,99.6
10120,2025-01-19,South,Home,3,76.7,230.1
10121,2025-01-19,East,Electronics,2,180.23,360.46
10122,2025-01-19,South,Sports,2,55.38,110.76
10123,2025-01-20,East,Electronics,2,225.22,450.44
10124,2025-01-20,East,Books,5,24.7,123.5
10125,2025-01-20,South,Home,3,90.65,271.95
10126,2025-01-20,South,Sports,2,59.11,118.22
10127,2025-01-21,West,Sports,1,64.0,64.0
10128,2025-01-21,South,Electronics,2,206.38,412.76
10129,2025-01-21,East,Books,5,27.81,139.05
10130,2025-01-21,North,Sports,1,63.78,63.78
10131,2025-01-21,East,Electronics,3,163.69,491.07
10132,2025-01-21,West,Books,5,29.79,148.95
10133,2025-01-21,South,Sports,3,65.41,196.23
10134,2025-01-22,West,Books,1,27.62,27.62
10135,2025-01-22,South,Electronics,1,200.9,200.9
10136,2025-01-22,North,Electronics,1,197.54,197.54
10137,2025-01-22,East,Home,3,80.72,242.16
10138,2025-01-22,East,Books,5,26.58,132.9
10139,2025-01-22,West,Electronics,3,225.09,675.27
10140,2025-01-22,West,Electronics,4,160.32,641.28
10141,2025-01-23,South,Sports,4,65.27,261.08
10142,2025-01-23,South,Electronics,4,179.69,718.76
10143,2025-01-23,East,Books,5,24.28,121.4
10144,2025-01-24,West,Home,3,69.41,208.23
10145,2025-01-24,South,Books,1,31.48,31.48
10146,2025-01-24,East,Home,4,87.81,351.24
10147,2025-01-24,South,Electronics,3,226.68,680.04
10148,2025-01-24,South,Books,4,25.48,101.92
10149,2025-01-24,South,Sports,5,64.11,320.55
10150,2025-01-24,West,Books,3,30.57,91.71
10151,2025-01-25,West,Sports,1,61.22,61.22
10152,2025-01-25,North,Electronics,4,155.77,623.08
10153,2025-01-25,North,Home,4,74.03,296.12
10154,2025-01-26,West,Home,2,74.44,148.88
10155,2025-01-26,South,Sports,5,65.96,329.8
10156,2025-01-26,East,Electronics,2,223.45,446.9
10157,2025-01-26,West,Sports,2,67.27,134.54
10158,2025-01-26,North,Electronics,4,206.88,827.52
10159,2025-01-26,West,Electronics,4,162.24,648.96
10160,2025-01-26,East,Books,5,24.15,120.75
10161,2025-01-27,South,Electronics,5,171.04,855.2
10162,2025-01-27,West,Electronics,5,206.68,1033.4
10163,2025-01-27,West,Electronics,1,159.64,159.64
10164,2025-01-28,West,Sports,5,53.36,266.8
10165,2025-01-28,West,Home,5,66.87,334.35
10166,2025-01-28,East,Books,5,30.03,150.15
10167,2025-01-29,West,Sports,5,48.75,243.75
10168,2025-01-29,West,Home,2,69.24,138.48
10169,2025-01-29,East,Sports,3,62.85,188.55
10170,2025-01-29,East,Electronics,5,168.55,842.75
10171,2025-01-29,West,Sports,1,54.26,54.26
10172,2025-01-29,North,Electronics,4,233.07,932.28
10173,2025-01-29,East,Sports,3,62.52,187.56
10174,2025-01-29,North,Electronics,1,225.55,225.55
10175,2025-01-30,East,Home,1,68.33,68.33
10176,2025-01-30,West,Electronics,2,192.75,385.5
10177,2025-01-30,West,Sports,4,63.16,252.64
10178,2025-01-30,West,Sports,3,70.57,211.71
10179,2025-01-30,North,Sports,2,61.76,123.52
10180,2025-01-31,East,Home,4,96.3,385.2
10181,2025-01-31,North,Electronics,3,188.94,566.82
10182,2025-01-31,East,Books,3,23.13,69.39
10183,2025-01-31,West,Electronics,5,181.13,905.65
10184,2025-01-31,South,Sports,3,62.7,188.1
10185,2025-01-31,South,Sports,5,57.85,289.25
10186,2025-02-01,West,Electronics,5,182.54,912.7
10187,2025-02-01,East,Books,1,26.46,26.46
10188,2025-02-01,South,Home,1,84.44,84.44
10189,2025-02-01,North,Home,3,88.7,266.1
10190,2025-02-01,East,Sports,3,55.76,167.28
10191,2025-02-02,North,Books,2,26.67,53.34
10192,2025-02-02,East,Sports,4,56.96,227.84
10193,2025-02-02,West,Sports,5,69.65,348.25
10194,2025-02-02,East,Electronics,5,197.72,988.6
10195,2025-02-02,East,Sports,2,55.85,111.7
10196,2025-02-02,West,Sports,5,60.18,300.9
10197,2025-02-03,North,Electronics,1,224.97,224.97
10198,2025-02-03,West,Electronics,1,184.77,184.77
10199,2025-02-03,South,Home,1,76.32,76.32
10200,2025-02-04,East,Books,1,31.16,31.16
10201,2025-02-04,East,Books,3,23.73,71.19
10202,2025-02-04,South,Electronics,4,168.18,672.72
10203,2025-02-05,South,Sports,5,72.79,363.95
10204,2025-02-05,South,Books,3,29.69,89.07
10205,2025-02-05,South,Electronics,4,189.9,759.6
10206,2025-02-05,West,Sports,2,53.68,107.36
10207,2025-02-05,North,Books,3,23.9,71.7
10208,2025-02-05,East,Electronics,3,237.72,713.16
10209,2025-02-06,West,Sports,2,72.83,145.66
10210,2025-02-06,West,Sports,1,59.63,59.63
10211,2025-02-06,West,Home,2,91.51,183.02
10212,2025-02-06,North,Electronics,3,196.82,590.46
10213,2025-02-06,West,Electronics,2,231.72,463.44
10214,2025-02-06,North,Books,1,24.72,24.72
10215,2025-02-06,North,Home,1,85.9,85.9
10216,2025-02-06,South,Sports,3,50.76,152.28
10217,2025-02-07,North,Books,5,29.26,146.3
10218,2025-02-07,East,Sports,3,67.44,202.32
10219,2025-02-07,East,Sports,1,57.77,57.77
10220,2025-02-07,East,Sports,5,69.43,347.15
10221,2025-02-08,South,Home,3,95.14,285.42
10222,2025-02-08,West,Home,3,97.06,291.18
10223,2025-02-08,South,Sports,1,57.26,57.26
10224,2025-02-08,West,Sports,3,61.93,185.79
10225,2025-02-08,East,Electronics,1,233.57,233.57
10226,2025-02-09,East,Sports,2,57.34,114.68
10227,2025-02-09,North,Home,1,67.69,67.69
10228,2025-02-09,East,Books,4,25.71,102.84
10229,2025-02-09,South,Electronics,3,161.06,483.18
10230,2025-02-09,South,Home,1,88.05,88.05
10231,2025-02-10,East,Books,5,27.67,138.35
10232,2025-02-10,East,Books,4,32.42,129.68
10233,2025-02-10,East,Sports,2,68.35,136.7
10234,2025-02-10,West,Home,5,70.83,354.15
10235,2025-02-10,East,Sports,5,62.73,313.65
10236,2025-02-10,South,Books,4,33.17,132.68
10237,2025-02-10,North,Books,1,30.53,30.53
10238,2025-02-11,West,Sports,4,52.29,209.16
10239,2025-02-11,South,Home,1,93.24,93.24
10240,2025-02-11,West,Home,5,82.76,413.8
10241,2025-02-11,West,Home,5,80.96,404.8
10242,2025-02-12,West,Sports,1,63.05,63.05
10243,2025-02-12,East,Books,2,31.65,63.3
10244,2025-02-12,West,Electronics,1,191.57,191.57
10245,2025-02-13,North,Home,1,90.18,90.18
10246,2025-02-13,West,Sports,4,70.84,283.36
10247,2025-02-13,West,Sports,4,69.24,276.96
10248,2025-02-13,South,Electronics,5,212.12,1060.6
10249,2025-02-13,North,Electronics,5,162.17,810.85
10250,2025-02-13,West,Sports,2,50.17,100.34
10251,2025-02-13,East,Books,3,32.54,97.62
10252,2025-02-13,East,Sports,2,70.52,141.04
10253,2025-02-14,East,Home,4,77.65,310.6
10254,2025-02-14,West,Sports,3,59.37,178.11
10255,2025-02-14,North,Home,3,73.89,221.67
10256,2025-02-14,West,Sports,1,58.01,58.01
10257,2025-02-15,East,Home,5,101.49,507.45
10258,2025-02-15,East,Home,4,72.32,289.28
10259,2025-02-15,South,Electronics,3,243.47,730.41
10260,2025-02-15,West,Sports,4,59.37,237.48
10261,2025-02-15,East,Home,5,84.5,422.5
10262,2025-02-16,North,Electronics,2,168.22,336.44
10263,2025-02-16,South,Electronics,3,199.64,598.92
10264,2025-02-16,North,Books,4,26.49,105.96
10265,2025-02-16,South,Home,5,93.31,466.55
10266,2025-02-16,West,Sports,3,56.81,170.43
10267,2025-02-17,West,Home,2,78.99,157.98
10268,2025-02-17,West,Books,2,31.05,62.1
10269,2025-02-17,East,Electronics,3,216.34,649.02
10270,2025-02-17,North,Home,5,78.9,394.5
10271,2025-02-17,North,Electronics,1,234.35,234.35
10272,2025-02-18,South,Electronics,3,228.05,684.15
10273,2025-02-18,East,Books,4,28.09,112.36
10274,2025-02-18,South,Books,5,30.34,151.7
10275,2025-02-19,West,Sports,5,69.7,348.5
10276,2025-02-19,South,Electronics,1,171.99,171.99
10277,2025-02-19,East,Home,4,100.76,403.04
10278,2025-02-19,West,Sports,5,50.9,254.5
10279,2025-02-20,West,Books,4,23.24,92.96
10280,2025-02-20,North,Electronics,2,169.31,338.62
10281,2025-02-20,West,Home,2,78.99,157.98
10282,2025-02-20,East,Electronics,1,173.09,173.09
10283,2025-02-20,East,Home,4,92.16,368.64
10284,2025-02-21,South,Electronics,5,196.59,982.95
10285,2025-02-21,South,Electronics,3,164.36,493.08
10286,2025-02-21,South,Electronics,3,164.33,492.99
10287,2025-02-22,North,Sports,2,58.64,117.28
10288,2025-02-22,South,Home,3,95.29,285.87
10289,2025-02-22,South,Books,3,26.53,79.59
10290,2025-02-22,South,Sports,2,62.32,124.64
10291,2025-02-22,West,Sports,2,58.58,117.16
10292,2025-02-22,North,Electronics,5,168.5,842.5
10293,2025-02-22,South,Home,5,73.7,368.5
10294,2025-02-22,East,Sports,1,53.74,53.74
10295,2025-02-23,West,Electronics,1,180.29,180.29
10296,2025-02-23,West,Electronics,1,215.86,215.86
10297,2025-02-23,North,Home,2,88.19,176.38
10298,2025-02-24,East,Sports,5,50.55,252.75
10299,2025-02-24,South,Books,3,24.79,74.37
10300,2025-02-24,East,Books,4,32.73,130.92
10301,2025-02-24,South,Home,2,84.39,168.78
10302,2025-02-25,West,Sports,5,59.64,298.2
10303,2025-02-25,West,Sports,5,58.55,292.75
10304,2025-02-25,East,Books,1,25.44,25.44
10305,2025-02-25,East,Sports,3,58.53,175.59
10306,2025-02-25,West,Electronics,5,193.93,969.65
10307,2025-02-25,North,Home,1,74.57,74.57
10308,2025-02-25,East,Sports,5,69.16,345.8
10309,2025-02-25,East,Books,2,33.17,66.34
10310,2025-02-26,East,Electronics,1,177.44,177.44
10311,2025-02-26,East,Sports,1,63.41,63.41
10312,2025-02-26,North,Electronics,5,165.88,829.4
10313,2025-02-27,North,Sports,5,65.47,327.35
10314,2025-02-27,South,Electronics,3,238.77,716.31
10315,2025-02-27,West,Home,3,90.55,271.65
10316,2025-02-27,North,Home,4,89.61,358.44
10317,2025-02-27,North,Electronics,2,220.8,441.6
10318,2025-02-27,West,Books,1,29.88,29.88
10319,2025-02-27,North,Electronics,2,238.23,476.46
10320,2025-02-27,West,Home,4,88.2,352.8
10321,2025-02-28,East,Home,4,94.28,377.12
10322,2025-02-28,East,Books,3,31.8,95.4
10323,2025-02-28,East,Books,1,28.99,28.99
10324,2025-02-28,South,Books,1,32.24,32.24
10325,2025-02-28,South,Sports,3,53.12,159.36
10326,2025-02-28,South,Books,5,27.61,138.05
10327,2025-03-01,East,Home,1,102.58,102.58
10328,2025-03-01,South,Electronics,4,237.67,950.68
10329,2025-03-01,North,Books,5,25.54,127.7
10330,2025-03-02,South,Books,4,33.28,133.12
10331,2025-03-02,East,Home,3,95.09,285.27
10332,2025-03-02,East,Sports,4,70.78,283.12
10333,2025-03-02,West,Sports,3,73.86,221.58
10334,2025-03-02,North,Sports,5,71.17,355.85
10335,2025-03-03,North,Electronics,2,228.68,457.36
10336,2025-03-03,South,Electronics,2,198.14,396.28
10337,2025-03-03,West,Books,4,33.43,133.72
10338,2025-03-03,East,Home,4,90.6,362.4
10339,2025-03-03,South,Sports,3,61.36,184.08
10340,2025-03-03,North,Sports,3,62.85,188.55
10341,2025-03-04,North,Electronics,2,199.81,399.62
10342,2025-03-04,South,Books,1,25.07,25.07
10343,2025-03-04,South,Sports,1,75.35,75.35
10344,2025-03-04,South,Sports,2,53.52,107.04
10345,2025-03-04,South,Books,3,26.41,79.23
10346,2025-03-04,West,Home,2,76.01,152.02
10347,2025-03-04,South,Sports,1,57.62,57.62
10348,2025-03-04,South,Electronics,1,207.1,207.1
10349,2025-03-05,West,Electronics,4,208.52,834.08
10350,2025-03-05,West,Electronics,2,191.75,383.5
10351,2025-03-05,South,Home,4,100.16,400.64
10352,2025-03-06,West,Electronics,5,249.5,1247.5
10353,2025-03-06,South,Books,3,24.84,74.52
10354,2025-03-06,North,Books,2,29.66,59.32
10355,2025-03-06,South,Electronics,5,218.92,1094.6
10356,2025-03-06,West,Home,3,75.48,226.44
10357,2025-03-06,North,Home,3,99.41,298.23
10358,2025-03-06,North,Home,3,95.34,286.02
10359,2025-03-07,South,Books,2,27.97,55.94
10360,2025-03-07,North,Books,1,25.67,25.67
10361,2025-03-07,West,Sports,5,54.27,271.35
10362,2025-03-07,North,Books,4,26.34,105.36
10363,2025-03-07,North,Electronics,5,182.54,912.7
10364,2025-03-07,East,Home,1,78.35,78.35
10365,2025-03-07,South,Books,4,33.17,132.68
10366,2025-03-08,West,Sports,2,64.84,129.68
10367,2025-03-08,East,Electronics,2,181.21,362.42
10368,2025-03-08,North,Electronics,5,242.15,1210.75
10369,2025-03-08,North,Books,2,29.0,58.0
10370,2025-03-08,East,Home,3,88.62,265.86
10371,2025-03-08,West,Home,2,74.26,148.52
10372,2025-03-09,North,Books,1,34.43,34.43
10373,2025-03-09,South,Electronics,1,214.41,214.41
10374,2025-03-09,West,Electronics,1,170.39,170.39
10375,2025-03-10,South,Electronics,1,195.06,195.06
10376,2025-03-10,West,Books,4,28.77,115.08
10377,2025-03-10,West,Home,3,76.57,229.71
10378,2025-03-10,East,Books,5,32.89,164.45
10379,2025-03-11,East,Home,3,75.44,226.32
10380,2025-03-11,West,Books,4,23.95,95.8
10381,2025-03-11,South,Books,2,32.64,65.28
10382,2025-03-11,East,Sports,1,71.79,71.79
10383,2025-03-11,West,Books,2,34.15,68.3
10384,2025-03-11,East,Home,2,70.17,140.34
10385,2025-03-11,East,Sports,5,58.61,293.05
10386,2025-03-12,North,Home,3,74.68,224.04
10387,2025-03-12,South,Electronics,4,201.44,805.76
10388,2025-03-12,East,Electronics,5,195.23,976.15
10389,2025-03-12,South,Sports,4,68.42,273.68
10390,2025-03-12,South,Sports,3,63.6,190.8
10391,2025-03-12,East,Books,3,25.46,76.38
10392,2025-03-12,South,Electronics,4,239.58,958.32
10393,2025-03-12,East,Electronics,5,243.49,1217.45
10394,2025-03-13,East,Sports,2,65.17,130.34
10395,2025-03-13,West,Books,4,26.94,107.76
10396,2025-03-13,South,Books,4,32.05,128.2
10397,2025-03-13,South,Home,3,89.94,269.82
10398,2025-03-13,North,Sports,3,74.84,224.52
10399,2025-03-14,South,Home,1,82.3,82.3
10400,2025-03-14,East,Sports,3,62.87,188.61
10401,2025-03-14,South,Electronics,5,224.94,1124.7
10402,2025-03-14,North,Electronics,4,224.55,898.2
10403,2025-03-14,South,Electronics,5,185.33,926.65
10404,2025-03-14,South,Electronics,4,241.22,964.88
10405,2025-03-15,North,Books,4,24.96,99.84
10406,2025-03-15,West,Home,4,80.3,321.2
10407,2025-03-15,North,Home,4,102.34,409.36
10408,2025-03-15,East,Electronics,5,227.98,1139.9
10409,2025-03-15,East,Books,5,30.59,152.95
10410,2025-03-15,East,Home,2,81.6,163.2
10411,2025-03-15,East,Sports,5,61.88,309.4
10412,2025-03-16,East,Sports,1,61.94,61.94
10413,2025-03-16,East,Books,5,28.67,143.35
10414,2025-03-16,East,Electronics,5,241.04,1205.2
10415,2025-03-16,South,Home,5,87.62,438.1
10416,2025-03-16,East,Home,4,82.14,328.56
10417,2025-03-17,North,Home,5,102.96,514.8
10418,2025-03-17,South,Books,5,32.22,161.1
10419,2025-03-17,West,Books,4,32.43,129.72
10420,2025-03-17,North,Home,4,78.89,315.56
10421,2025-03-17,South,Sports,4,59.12,236.48
10422,2025-03-17,South,Home,3,84.87,254.61
10423,2025-03-17,East,Home,2,99.17,198.34
10424,2025-03-18,West,Sports,1,51.88,51.88
10425,2025-03-18,North,Home,3,100.05,300.15
10426,2025-03-18,West,Electronics,1,234.63,234.63
10427,2025-03-18,East,Electronics,1,253.6,253.6
10428,2025-03-19,South,Electronics,5,205.03,1025.15
10429,2025-03-19,North,Home,4,103.41,413.64
10430,2025-03-19,South,Books,4,25.13,100.52
10431,2025-03-19,North,Sports,4,58.71,234.84
10432,2025-03-19,South,Books,2,24.82,49.64
10433,2025-03-20,East,Books,3,28.5,85.5
10434,2025-03-20,North,Sports,3,64.7,194.1
10435,2025-03-20,South,Sports,4,77.41,309.64
10436,2025-03-20,East,Electronics,5,213.08,1065.4
10437,2025-03-20,North,Electronics,4,252.04,1008.16
10438,2025-03-20,East,Home,2,86.83,173.66
10439,2025-03-21,South,Electronics,1,226.39,226.39
10440,2025-03-21,West,Home,2,99.97,199.94
10441,2025-03-21,West,Books,5,28.44,142.2
10442,2025-03-21,South,Home,2,98.89,197.78
10443,2025-03-22,North,Home,2,75.71,151.42
10444,2025-03-22,West,Sports,5,54.29,271.45
10445,2025-03-22,South,Electronics,2,175.24,350.48
10446,2025-03-22,East,Sports,1,51.81,51.81
10447,2025-03-22,North,Home,5,71.86,359.3
10448,2025-03-22,West,Home,4,99.7,398.8
10449,2025-03-22,South,Electronics,1,242.48,242.48
10450,2025-03-23,South,Books,3,33.2,99.6
10451,2025-03-23,East,Electronics,1,203.04,203.04
10452,2025-03-23,East,Sports,3,71.31,213.93
10453,2025-03-24,North,Sports,3,63.88,191.64
10454,2025-03-24,West,Home,2,78.44,156.88
10455,2025-03-24,East,Electronics,4,179.75,719.0
10456,2025-03-24,West,Books,1,25.64,25.64
10457,2025-03-25,North,Electronics,5,203.54,1017.7
10458,2025-03-25,East,Books,5,31.27,156.35
10459,2025-03-25,North,Electronics,3,203.06,609.18
10460,2025-03-26,West,Books,5,33.87,169.35
10461,2025-03-26,South,Electronics,4,225.46,901.84
10462,2025-03-26,North,Books,2,32.24,64.48
10463,2025-03-26,North,Sports,4,73.36,293.44
10464,2025-03-27,South,Sports,3,53.17,159.51
10465,2025-03-27,North,Books,4,29.32,117.28
10466,2025-03-27,East,Home,2,97.57,195.14
10467,2025-03-27,South,Electronics,5,217.47,1087.35
10468,2025-03-27,North,Home,4,89.22,356.88
10469,2025-03-27,South,Electronics,2,217.71,435.42
10470,2025-03-28,East,Books,1,23.6,23.6
10471,2025-03-28,North,Electronics,3,224.74,674.22
10472,2025-03-28,West,Books,1,34.09,34.09
10473,2025-03-28,North,Home,5,103.88,519.4
10474,2025-03-28,South,Home,1,78.39,78.39
10475,2025-03-28,South,Sports,3,69.53,208.59
10476,2025-03-29,North,Electronics,5,187.46,937.3
10477,2025-03-29,North,Electronics,3,184.84,554.52
10478,2025-03-29,North,Electronics,4,197.09,788.36
10479,2025-03-29,West,Home,2,72.74,145.48
10480,2025-03-30,South,Home,2,92.4,184.8
10481,2025-03-30,South,Electronics,5,248.88,1244.4
10482,2025-03-30,West,Sports,1,54.7,54.7
10483,2025-03-30,North,Electronics,3,180.26,540.78
10484,2025-03-30,East,Electronics,5,233.98,1169.9
10485,2025-03-30,North,Books,4,35.36,141.44
10486,2025-03-31,South,Electronics,2,197.43,394.86
10487,2025-03-31,South,Home,5,91.22,456.1
10488,2025-03-31,West,Books,5,35.15,175.75
10489,2025-03-31,North,Home,3,88.27,264.81
10490,2025-03-31,South,Books,5,28.29,141.45
10491,2025-03-31,South,Books,3,25.11,75.33
10492,2025-04-01,South,Electronics,1,178.69,178.69
10493,2025-04-01,West,Books,1,27.83,27.83
10494,2025-04-01,East,Sports,3,63.12,189.36
10495,2025-04-01,West,Sports,2,76.13,152.26
10496,2025-04-01,West,Sports,2,60.47,120.94
10497,2025-04-01,South,Home,5,87.15,435.75
10498,2025-04-02,South,Sports,2,60.25,120.5
10499,2025-04-02,East,Books,2,28.07,56.14
10500,2025-04-02,East,Electronics,2,231.35,462.7
10501,2025-04-02,North,Books,2,26.13,52.26
10502,2025-04-02,West,Sports,4,58.6,234.4
10503,2025-04-02,West,Sports,5,76.0,380.0
10504,2025-04-03,East,Electronics,4,174.37,697.48
10505,2025-04-03,East,Books,5,34.5,172.5
10506,2025-04-03,South,Books,3,23.65,70.95
10507,2025-04-03,East,Electronics,5,217.71,1088.55
10508,2025-04-04,North,Electronics,2,242.28,484.56
10509,2025-04-04,East,Electronics,3,209.45,628.35
10510,2025-04-04,South,Electronics,3,197.98,593.94
10511,2025-04-04,West,Books,5,28.0,140.0
10512,2025-04-04,West,Sports,1,56.08,56.08
10513,2025-04-04,South,Home,4,88.36,353.44
10514,2025-04-04,North,Sports,2,76.92,153.84
10515,2025-04-05,West,Books,5,30.6,153.0
10516,2025-04-05,North,Books,5,28.01,140.05
10517,2025-04-05,North,Electronics,2,210.78,421.56
10518,2025-04-05,West,Electronics,3,253.28,759.84
10519,2025-04-05,East,Sports,5,61.51,307.55
10520,2025-04-05,South,Electronics,3,179.92,539.76
10521,2025-04-05,West,Books,2,26.95,53.9
10522,2025-04-05,West,Sports,2,74.59,149.18
10523,2025-04-06,North,Books,3,29.06,87.18
10524,2025-04-06,South,Sports,3,69.23,207.69
10525,2025-04-06,North,Electronics,2,222.37,444.74
10526,2025-04-07,North,Sports,3,65.43,196.29
10527,2025-04-07,West,Electronics,3,185.79,557.37
10528,2025-04-07,North,Home,2,74.17,148.34
10529,2025-04-08,West,Electronics,3,238.4,715.2
10530,2025-04-08,South,Books,2,31.26,62.52
10531,2025-04-08,North,Books,5,31.05,155.25
10532,2025-04-08,South,Home,1,72.0,72.0
10533,2025-04-08,South,Electronics,3,254.07,762.21
10534,2025-04-08,South,Books,4,31.9,127.6
10535,2025-04-09,East,Home,3,72.3,216.9
10536,2025-04-09,West,Home,5,100.31,501.55
10537,2025-04-09,West,Electronics,2,240.51,481.02
10538,2025-04-10,West,Electronics,4,247.29,989.16
10539,2025-04-10,East,Books,3,28.24,84.72
10540,2025-04-10,West,Home,5,104.91,524.55
10541,2025-04-11,South,Home,4,80.75,323.0
10542,2025-04-11,North,Electronics,5,177.55,887.75
10543,2025-04-11,East,Books,1,33.32,33.32
10544,2025-04-12,North,Books,4,34.64,138.56
10545,2025-04-12,West,Sports,1,72.39,72.39
10546,2025-04-12,South,Sports,2,75.06,150.12
10547,2025-04-12,East,Electronics,5,229.2,1146.0
10548,2025-04-12,West,Home,3,84.26,252.78
10549,2025-04-12,South,Home,2,84.44,168.88
10550,2025-04-12,North,Electronics,4,235.56,942.24
10551,2025-04-13,East,Home,1,92.19,92.19
10552,2025-04-13,West,Electronics,1,182.73,182.73
10553,2025-04-13,West,Electronics,2,187.91,375.82
10554,2025-04-14,South,Sports,4,77.01,308.04
10555,2025-04-14,West,Electronics,2,173.46,346.92
10556,2025-04-14,South,Electronics,5,185.82,929.1
10557,2025-04-14,North,Electronics,3,246.54,739.62
10558,2025-04-14,South,Sports,4,56.95,227.8
10559,2025-04-14,East,Sports,5,67.71,338.55
10560,2025-04-14,East,Books,4,27.6,110.4
10561,2025-04-14,West,Electronics,1,188.42,188.42
10562,2025-04-15,South,Sports,5,61.48,307.4
10563,2025-04-15,South,Books,1,25.65,25.65
10564,2025-04-15,East,Sports,2,68.58,137.16
10565,2025-04-15,North,Sports,1,57.61,57.61
10566,2025-04-15,South,Books,4,25.48,101.92
10567,2025-04-16,West,Books,1,24.74,24.74
10568,2025-04-16,East,Home,3,88.36,265.08
10569,2025-04-16,East,Books,3,35.17,105.51
10570,2025-04-16,North,Home,3,85.31,255.93
10571,2025-04-16,South,Books,1,30.45,30.45
10572,2025-04-16,North,Electronics,4,173.39,693.56
10573,2025-04-16,East,Sports,5,63.78,318.9
10574,2025-04-17,West,Home,3,72.53,217.59
10575,2025-04-17,West,Books,4,32.64,130.56
10576,2025-04-17,East,Books,3,30.95,92.85
10577,2025-04-17,North,Books,4,27.55,110.2
10578,2025-04-17,East,Home,4,94.06,376.24
10579,2025-04-18,West,Sports,2,62.56,125.12
10580,2025-04-18,East,Books,2,32.09,64.18
10581,2025-04-18,East,Home,3,77.93,233.79
10582,2025-04-18,East,Sports,2,56.72,113.44
10583,2025-04-18,North,Home,4,96.64,386.56
10584,2025-04-18,North,Books,4,24.75,99.0
10585,2025-04-18,South,Electronics,5,181.89,909.45
10586,2025-04-18,South,Electronics,2,213.54,427.08
10587,2025-04-19,North,Books,4,31.73,126.92
10588,2025-04-19,West,Books,1,27.62,27.62
10589,2025-04-19,West,Home,5,79.91,399.55
10590,2025-04-19,North,Electronics,2,179.46,358.92
10591,2025-04-20,East,Books,4,24.23,96.92
10592,2025-04-20,South,Home,2,96.51,193.02
10593,2025-04-20,West,Electronics,5,206.36,1031.8
10594,2025-04-20,South,Books,2,27.64,55.28
10595,2025-04-20,North,Electronics,1,207.99,207.99
10596,2025-04-20,South,Home,4,96.65,386.6
10597,2025-04-20,North,Electronics,2,191.58,383.16
10598,2025-04-21,North,Electronics,3,193.95,581.85
10599,2025-04-21,West,Home,5,96.96,484.8
10600,2025-04-21,North,Electronics,5,210.37,1051.85
10601,2025-04-21,East,Sports,1,77.17,77.17
10602,2025-04-21,West,Home,4,101.4,405.6
10603,2025-04-22,West,Sports,4,63.27,253.08
10604,2025-04-22,West,Electronics,4,208.44,833.76
10605,2025-04-22,North,Home,3,84.4,253.2
10606,2025-04-22,South,Sports,4,72.93,291.72
10607,2025-04-22,East,Books,1,26.0,26.0
10608,2025-04-22,North,Books,1,35.0,35.0
10609,2025-04-22,West,Sports,5,74.3,371.5
10610,2025-04-23,South,Electronics,3,190.66,571.98
10611,2025-04-23,West,Sports,4,60.22,240.88
10612,2025-04-23,West,Books,3,26.81,80.43
10613,2025-04-24,North,Electronics,1,172.82,172.82
10614,2025-04-24,East,Books,4,33.06,132.24
10615,2025-04-24,South,Electronics,4,184.07,736.28
10616,2025-04-24,East,Electronics,2,190.19,380.38
10617,2025-04-25,West,Books,4,31.2,124.8
10618,2025-04-25,North,Books,5,26.04,130.2
10619,2025-04-25,West,Home,2,79.16,158.32
10620,2025-04-25,West,Electronics,3,204.07,612.21
10621,2025-04-25,East,Home,4,96.89,387.56
10622,2025-04-25,West,Sports,2,72.67,145.34
10623,2025-04-25,West,Electronics,4,215.7,862.8
10624,2025-04-26,South,Books,5,25.7,128.5
10625,2025-04-26,North,Books,3,32.71,98.13
10626,2025-04-26,West,Electronics,1,230.21,230.21
10627,2025-04-27,North,Home,2,76.57,153.14
10628,2025-04-27,North,Sports,3,63.42,190.26
10629,2025-04-27,East,Books,3,31.28,93.84
10630,2025-04-27,East,Electronics,5,201.89,1009.45
10631,2025-04-27,East,Home,2,78.33,156.66
10632,2025-04-28,West,Sports,1,53.59,53.59
10633,2025-04-28,West,Home,3,76.66,229.98
10634,2025-04-28,North,Electronics,3,191.42,574.26
10635,2025-04-28,South,Electronics,4,243.11,972.44
10636,2025-04-28,East,Books,4,26.41,105.64
10637,2025-04-28,South,Electronics,2,178.51,357.02
10638,2025-04-28,North,Books,3,25.83,77.49
10639,2025-04-28,South,Home,5,83.58,417.9
10640,2025-04-29,North,Electronics,1,220.4,220.4
10641,2025-04-29,South,Books,1,33.84,33.84
10642,2025-04-29,North,Sports,5,72.68,363.4
10643,2025-04-29,North,Electronics,3,239.46,718.38
10644,2025-04-30,East,Home,1,95.91,95.91
10645,2025-04-30,East,Sports,1,70.87,70.87
10646,2025-04-30,North,Books,1,28.28,28.28
10647,2025-05-01,North,Books,1,31.75,31.75
10648,2025-05-01,East,Electronics,5,229.01,1145.05
10649,2025-05-01,East,Home,3,77.69,233.07
10650,2025-05-01,North,Home,3,86.95,260.85
10651,2025-05-01,East,Sports,5,70.93,354.65
10652,2025-05-01,South,Books,5,25.99,129.95
10653,2025-05-01,West,Sports,2,64.22,128.44
10654,2025-05-02,West,Electronics,2,246.28,492.56
10655,2025-05-02,West,Electronics,4,242.73,970.92
10656,2025-05-02,North,Books,2,30.48,60.96
10657,2025-05-02,South,Sports,3,75.91,227.73
10658,2025-05-02,North,Electronics,3,239.21,717.63
10659,2025-05-02,South,Electronics,2,231.91,463.82
10660,2025-05-02,East,Home,4,99.95,399.8
10661,2025-05-03,West,Home,2,80.89,161.78
10662,2025-05-03,West,Electronics,4,220.85,883.4
10663,2025-05-03,West,Books,5,25.62,128.1
10664,2025-05-03,North,Books,4,29.58,118.32
10665,2025-05-03,East,Home,3,81.28,243.84
10666,2025-05-03,North,Books,5,23.43,117.15
10667,2025-05-03,West,Home,3,70.99,212.97
10668,2025-05-03,West,Home,4,78.14,312.56
10669,2025-05-04,West,Electronics,4,239.38,957.52
10670,2025-05-04,South,Electronics,3,230.55,691.65
10671,2025-05-04,East,Books,2,25.7,51.4
10672,2025-05-04,South,Electronics,2,224.81,449.62
10673,2025-05-04,West,Electronics,4,227.63,910.52
10674,2025-05-04,West,Sports,1,62.09,62.09
10675,2025-05-05,North,Sports,2,73.1,146.2
10676,2025-05-05,North,Books,5,27.03,135.15
10677,2025-05-05,West,Sports,1,75.23,75.23
10678,2025-05-05,North,Electronics,5,242.03,1210.15
10679,2025-05-05,West,Home,5,76.34,381.7
10680,2025-05-06,North,Electronics,1,171.32,171.32
10681,2025-05-06,North,Electronics,5,171.54,857.7
10682,2025-05-06,North,Electronics,3,213.41,640.23
10683,2025-05-06,West,Electronics,4,217.6,870.4
10684,2025-05-07,West,Home,4,86.78,347.12
10685,2025-05-07,West,Sports,3,59.2,177.6
10686,2025-05-07,South,Electronics,3,179.18,537.54
10687,2025-05-07,South,Books,4,24.7,98.8
10688,2025-05-07,South,Books,2,32.6,65.2
10689,2025-05-08,South,Books,4,32.71,130.84
10690,2025-05-08,West,Electronics,5,190.27,951.35
10691,2025-05-08,West,Books,2,30.79,61.58
10692,2025-05-08,East,Books,1,29.42,29.42
10693,2025-05-08,South,Electronics,2,210.61,421.22
10694,2025-05-08,South,Sports,3,66.1,198.3
10695,2025-05-08,East,Books,1,30.85,30.85
10696,2025-05-09,East,Sports,4,52.17,208.68
10697,2025-05-09,West,Home,1,71.57,71.57
10698,2025-05-09,South,Books,2,27.91,55.82
10699,2025-05-09,West,Sports,4,71.18,284.72
10700,2025-05-09,North,Home,3,94.68,284.04
10701,2025-05-09,West,Home,3,89.85,269.55
10702,2025-05-10,East,Books,5,28.86,144.3
10703,2025-05-10,South,Sports,4,68.74,274.96
10704,2025-05-10,North,Electronics,3,203.94,611.82
10705,2025-05-10,East,Sports,5,62.61,313.05
10706,2025-05-10,East,Home,5,83.91,419.55
10707,2025-05-11,East,Electronics,3,171.89,515.67
10708,2025-05-11,North,Sports,1,60.97,60.97
10709,2025-05-11,South,Books,3,23.16,69.48
10710,2025-05-11,East,Electronics,3,176.74,530.22
10711,2025-05-11,North,Books,5,29.93,149.65
10712,2025-05-11,North,Electronics,2,216.72,433.44
10713,2025-05-11,South,Home,2,76.25,152.5
10714,2025-05-11,West,Electronics,5,205.12,1025.6
10715,2025-05-12,West,Home,5,102.34,511.7
10716,2025-05-12,West,Electronics,4,184.31,737.24
10717,2025-05-12,South,Sports,2,64.63,129.26
10718,2025-05-13,West,Electronics,5,206.58,1032.9
10719,2025-05-13,South,Sports,4,73.27,293.08
10720,2025-05-13,West,Home,2,86.13,172.26
10721,2025-05-13,East,Books,2,27.7,55.4
10722,2025-05-13,South,Electronics,5,244.04,1220.2
10723,2025-05-13,West,Books,3,25.77,77.31
10724,2025-05-13,West,Electronics,2,208.25,416.5
10725,2025-05-14,East,Electronics,3,215.17,645.51
10726,2025-05-14,South,Home,4,79.35,317.4
10727,2025-05-14,East,Home,2,72.33,144.66
10728,2025-05-15,North,Sports,5,60.89,304.45
10729,2025-05-15,North,Electronics,1,208.03,208.03
10730,2025-05-15,West,Electronics,1,188.68,188.68
10731,2025-05-15,North,Electronics,2,185.31,370.62
10732,2025-05-15,East,Sports,1,51.15,51.15
10733,2025-05-16,East,Books,1,32.17,32.17
10734,2025-05-16,North,Electronics,3,198.76,596.28
10735,2025-05-16,East,Sports,3,51.47,154.41
10736,2025-05-16,South,Books,4,22.71,90.84
10737,2025-05-16,West,Sports,1,72.14,72.14
10738,2025-05-16,South,Sports,4,54.72,218.88
10739,2025-05-16,North,Books,4,30.77,123.08
10740,2025-05-16,North,Sports,5,61.96,309.8
10741,2025-05-17,East,Home,5,79.78,398.9
10742,2025-05-17,South,Sports,2,50.73,101.46
10743,2025-05-17,North,Home,3,68.24,204.72
10744,2025-05-17,East,Home,3,89.39,268.17
10745,2025-05-17,North,Sports,4,69.68,278.72
10746,2025-05-17,West,Electronics,4,170.63,682.52
10747,2025-05-17,West,Home,4,75.92,303.68
10748,2025-05-17,East,Electronics,1,180.43,180.43
10749,2025-05-18,South,Electronics,3,176.28,528.84
10750,2025-05-18,North,Books,3,24.76,74.28
10751,2025-05-18,West,Sports,5,49.93,249.65
10752,2025-05-18,South,Books,3,22.63,67.89
10753,2025-05-18,West,Books,4,33.41,133.64
10754,2025-05-18,North,Books,2,28.69,57.38
10755,2025-05-19,West,Electronics,1,211.26,211.26
10756,2025-05-19,West,Books,4,27.13,108.52
10757,2025-05-19,East,Sports,3,67.66,202.98
10758,2025-05-19,North,Sports,1,67.41,67.41
10759,2025-05-19,North,Books,3,28.17,84.51
10760,2025-05-19,South,Sports,2,73.33,146.66
10761,2025-05-19,North,Sports,1,53.71,53.71
10762,2025-05-19,South,Home,2,82.98,165.96
10763,2025-05-20,West,Sports,4,54.6,218.4
10764,2025-05-20,West,Books,4,31.95,127.8
10765,2025-05-20,South,Books,2,29.34,58.68
10766,2025-05-20,South,Books,1,30.17,30.17
10767,2025-05-20,South,Sports,5,53.0,265.0
10768,2025-05-20,South,Electronics,4,188.72,754.88
10769,2025-05-21,South,Electronics,3,221.65,664.95
10770,2025-05-21,South,Electronics,2,187.95,375.9
10771,2025-05-21,North,Books,4,31.78,127.12
10772,2025-05-21,East,Electronics,3,237.69,713.07
10773,2025-05-21,South,Sports,1,70.96,70.96
10774,2025-05-21,North,Sports,3,52.67,158.01
10775,2025-05-21,South,Electronics,1,164.79,164.79
10776,2025-05-22,East,Home,3,81.7,245.1
10777,2025-05-22,North,Sports,3,61.89,185.67
10778,2025-05-22,South,Home,3,87.5,262.5
10779,2025-05-22,North,Home,2,88.73,177.46
10780,2025-05-22,West,Electronics,3,180.59,541.77
10781,2025-05-22,North,Home,3,80.12,240.36
10782,2025-05-22,West,Books,1,28.23,28.23
10783,2025-05-23,North,Sports,1,61.6,61.6
10784,2025-05-23,North,Books,2,26.95,53.9
10785,2025-05-23,East,Electronics,1,235.83,235.83
10786,2025-05-23,West,Home,1,86.87,86.87
10787,2025-05-23,North,Books,5,31.03,155.15
10788,2025-05-24,East,Sports,2,72.85,145.7
10789,2025-05-24,West,Sports,1,59.75,59.75
10790,2025-05-24,West,Sports,3,57.09,171.27
10791,2025-05-24,North,Electronics,5,161.25,806.25
10792,2025-05-25,South,Electronics,5,185.44,927.2
10793,2025-05-25,North,Home,1,82.29,82.29
10794,2025-05-25,West,Electronics,1,163.72,163.72
10795,2025-05-26,West,Books,2,27.69,55.38
10796,2025-05-26,North,Electronics,3,233.29,699.87
10797,2025-05-26,South,Sports,3,72.28,216.84
10798,2025-05-26,West,Home,5,94.86,474.3
10799,2025-05-26,East,Electronics,3,181.49,544.47
10800,2025-05-26,South,Books,5,27.98,139.9
10801,2025-05-26,South,Books,5,24.18,120.9
10802,2025-05-27,South,Electronics,1,190.0,190.0
10803,2025-05-27,East,Electronics,4,173.28,693.12
10804,2025-05-27,East,Sports,4,54.94,219.76
10805,2025-05-27,East,Home,3,89.92,269.76
10806,2025-05-27,South,Home,3,78.16,234.48
10807,2025-05-27,North,Books,1,24.42,24.42
10808,2025-05-27,East,Electronics,5,186.09,930.45
10809,2025-05-28,North,Sports,3,51.43,154.29
10810,2025-05-28,West,Electronics,4,168.87,675.48
10811,2025-05-28,East,Home,5,96.98,484.9
10812,2025-05-28,North,Sports,1,65.71,65.71
10813,2025-05-28,East,Sports,5,56.7,283.5
10814,2025-05-28,East,Electronics,1,200.77,200.77
10815,2025-05-28,East,Books,1,28.76,28.76
10816,2025-05-29,North,Electronics,5,179.05,895.25
10817,2025-05-29,South,Electronics,5,177.13,885.65
10818,2025-05-29,North,Home,2,66.97,133.94
10819,2025-05-29,South,Home,2,78.36,156.72
10820,2025-05-29,North,Home,2,77.06,154.12
10821,2025-05-30,South,Home,1,66.56,66.56
10822,2025-05-30,North,Electronics,2,235.91,471.82
10823,2025-05-30,West,Home,5,82.3,411.5
10824,2025-05-30,West,Sports,5,66.86,334.3
10825,2025-05-30,South,Electronics,4,224.35,897.4
10826,2025-05-31,West,Electronics,3,217.72,653.16
10827,2025-05-31,East,Books,4,32.01,128.04
10828,2025-05-31,South,Home,1,98.17,98.17
10829,2025-05-31,South,Books,1,29.03,29.03
10830,2025-05-31,North,Electronics,1,217.98,217.98
10831,2025-06-01,West,Books,4,31.15,124.6
10832,2025-06-01,South,Electronics,4,189.5,758.0
10833,2025-06-01,South,Books,1,26.69,26.69
10834,2025-06-01,South,Home,5,79.32,396.6
10835,2025-06-01,South,Electronics,5,178.21,891.05
10836,2025-06-01,West,Books,5,25.38,126.9
10837,2025-06-01,South,Sports,3,57.99,173.97
10838,2025-06-02,South,Home,3,70.2,210.6
10839,2025-06-02,West,Home,4,78.74,314.96
10840,2025-06-02,East,Home,5,73.63,368.15
10841,2025-06-02,East,Books,1,32.27,32.27
10842,2025-06-02,West,Sports,5,51.25,256.25
10843,2025-06-03,East,Sports,1,67.26,67.26
10844,2025-06-03,South,Sports,2,69.92,139.84
10845,2025-06-03,South,Books,1,27.81,27.81
10846,2025-06-03,South,Sports,2,62.0,124.0
10847,2025-06-03,North,Electronics,5,161.49,807.45
10848,2025-06-03,East,Sports,2,63.55,127.1
10849,2025-06-03,South,Home,1,95.58,95.58
10850,2025-06-03,South,Books,2,25.2,50.4
10851,2025-06-04,North,Sports,2,58.15,116.3
10852,2025-06-04,East,Home,1,68.3,68.3
10853,2025-06-04,East,Books,4,31.08,124.32
10854,2025-06-04,South,Home,3,94.87,284.61
10855,2025-06-05,North,Books,1,31.62,31.62
10856,2025-06-05,East,Books,2,25.42,50.84
10857,2025-06-05,South,Sports,3,57.37,172.11
10858,2025-06-05,South,Electronics,3,175.1,525.3
10859,2025-06-05,West,Home,4,66.93,267.72
10860,2025-06-05,East,Electronics,1,181.76,181.76
10861,2025-06-05,East,Sports,4,49.72,198.88
10862,2025-06-05,West,Books,5,31.04,155.2
10863,2025-06-06,South,Electronics,5,183.57,917.85
10864,2025-06-06,South,Books,3,24.73,74.19
10865,2025-06-06,West,Electronics,3,174.75,524.25
10866,2025-06-06,South,Sports,2,52.03,104.06
10867,2025-06-06,East,Home,2,77.13,154.26
10868,2025-06-06,East,Electronics,2,196.4,392.8
10869,2025-06-06,West,Books,1,27.85,27.85
10870,2025-06-07,South,Books,2,31.24,62.48
10871,2025-06-07,East,Books,4,22.1,88.4
10872,2025-06-07,East,Home,5,96.2,481.0
10873,2025-06-07,East,Books,3,22.47,67.41
10874,2025-06-07,South,Sports,1,64.99,64.99
10875,2025-06-08,North,Sports,1,67.6,67.6
10876,2025-06-08,East,Sports,4,61.55,246.2
10877,2025-06-08,South,Books,3,30.72,92.16
10878,2025-06-09,North,Electronics,1,170.42,170.42
10879,2025-06-09,East,Electronics,5,203.65,1018.25
10880,2025-06-09,South,Home,1,74.94,74.94
10881,2025-06-09,North,Sports,4,51.79,207.16
10882,2025-06-09,East,Electronics,3,212.55,637.65
10883,2025-06-09,West,Electronics,1,176.27,176.27
10884,2025-06-09,North,Books,1,27.88,27.88
10885,2025-06-09,East,Electronics,2,176.79,353.58
10886,2025-06-10,North,Electronics,4,156.69,626.76
10887,2025-06-10,West,Electronics,5,226.14,1130.7
10888,2025-06-10,East,Home,4,78.98,315.92
10889,2025-06-10,North,Home,5,74.28,371.4
10890,2025-06-10,South,Books,3,25.89,77.67
10891,2025-06-10,South,Sports,4,70.18,280.72
10892,2025-06-10,West,Books,1,25.4,25.4
10893,2025-06-11,North,Books,2,24.3,48.6
10894,2025-06-11,South,Electronics,1,190.91,190.91
10895,2025-06-11,West,Sports,5,47.5,237.5
10896,2025-06-12,North,Electronics,3,158.66,475.98
10897,2025-06-12,South,Home,2,70.2,140.4
10898,2025-06-12,West,Electronics,1,196.29,196.29
10899,2025-06-12,South,Home,5,75.53,377.65
10900,2025-06-12,East,Home,5,67.96,339.8
10901,2025-06-12,East,Home,1,91.15,91.15
10902,2025-06-12,East,Books,2,27.2,54.4
10903,2025-06-12,East,Electronics,2,157.81,315.62
10904,2025-06-13,East,Sports,5,63.3,316.5
10905,2025-06-13,South,Electronics,1,217.72,217.72
10906,2025-06-13,East,Books,1,21.38,21.38
10907,2025-06-13,North,Books,1,30.14,30.14
10908,2025-06-14,North,Home,3,76.67,230.01
10909,2025-06-14,South,Books,5,26.34,131.7
10910,2025-06-14,South,Books,5,22.65,113.25
10911,2025-06-14,East,Books,5,26.1,130.5
10912,2025-06-14,North,Electronics,5,202.14,1010.7
10913,2025-06-14,West,Sports,4,56.05,224.2
10914,2025-06-14,South,Electronics,2,191.24,382.48
10915,2025-06-15,South,Home,2,72.65,145.3
10916,2025-06-15,West,Home,5,67.75,338.75
10917,2025-06-15,South,Books,5,27.33,136.65
10918,2025-06-15,East,Electronics,3,215.37,646.11
10919,2025-06-16,North,Electronics,3,151.48,454.44
10920,2025-06-16,North,Electronics,1,208.32,208.32
10921,2025-06-16,North,Books,2,28.78,57.56
10922,2025-06-16,North,Electronics,1,195.49,195.49
10923,2025-06-16,South,Books,5,21.06,105.3
10924,2025-06-16,South,Home,3,94.0,282.0
10925,2025-06-16,West,Home,2,66.74,133.48
10926,2025-06-17,South,Sports,4,64.16,256.64
10927,2025-06-17,East,Sports,4,66.47,265.88
10928,2025-06-17,South,Books,2,26.7,53.4
10929,2025-06-17,North,Sports,2,53.53,107.06
10930,2025-06-18,West,Sports,4,68.15,272.6
10931,2025-06-18,South,Home,1,77.71,77.71
10932,2025-06-18,East,Home,1,69.88,69.88
10933,2025-06-18,West,Sports,1,67.17,67.17
10934,2025-06-18,North,Books,1,22.89,22.89
10935,2025-06-18,West,Books,5,30.21,151.05
10936,2025-06-19,West,Sports,1,61.5,61.5
10937,2025-06-19,North,Books,4,28.63,114.52
10938,2025-06-19,North,Books,5,26.86,134.3
10939,2025-06-20,South,Home,5,91.85,459.25
10940,2025-06-20,East,Electronics,3,198.62,595.86
10941,2025-06-20,South,Home,4,93.11,372.44
10942,2025-06-20,West,Home,1,68.41,68.41
10943,2025-06-20,East,Sports,2,58.58,117.16
10944,2025-06-20,South,Electronics,1,179.24,179.24
10945,2025-06-20,West,Sports,4,60.53,242.12
10946,2025-06-21,East,Sports,1,63.37,63.37
10947,2025-06-21,East,Books,4,26.2,104.8
10948,2025-06-21,North,Sports,4,51.63,206.52
10949,2025-06-21,North,Books,3,29.66,88.98
10950,2025-06-21,East,Sports,2,58.88,117.76
10951,2025-06-21,North,Electronics,2,203.22,406.44
10952,2025-06-22,West,Home,3,80.02,240.06
10953,2025-06-22,South,Home,4,88.44,353.76
10954,2025-06-22,South,Electronics,4,186.74,746.96
10955,2025-06-22,South,Home,2,66.17,132.34
10956,2025-06-22,North,Home,1,73.29,73.29
10957,2025-06-22,West,Books,2,23.0,46.0
10958,2025-06-22,East,Books,1,24.07,24.07
10959,2025-06-22,North,Books,5,28.54,142.7
10960,2025-06-23,West,Books,3,26.77,80.31
10961,2025-06-23,North,Books,5,24.65,123.25
10962,2025-06-23,North,Electronics,5,213.07,1065.35
10963,2025-06-23,West,Sports,3,57.62,172.86
10964,2025-06-23,East,Electronics,4,184.62,738.48
10965,2025-06-24,North,Electronics,4,217.36,869.44
10966,2025-06-24,East,Home,5,69.9,349.5
10967,2025-06-24,West,Electronics,3,216.37,649.11
10968,2025-06-24,West,Electronics,3,194.66,583.98
10969,2025-06-24,West,Home,4,65.06,260.24
10970,2025-06-24,South,Home,1,68.53,68.53
10971,2025-06-24,South,Books,2,22.78,45.56
10972,2025-06-25,West,Sports,5,48.55,242.75
10973,2025-06-25,North,Home,3,72.47,217.41
10974,2025-06-25,West,Sports,2,48.27,96.54
10975,2025-06-26,West,Books,1,28.77,28.77
10976,2025-06-26,West,Home,4,79.94,319.76
10977,2025-06-26,East,Sports,3,45.12,135.36
10978,2025-06-26,East,Electronics,5,189.33,946.65
10979,2025-06-26,North,Books,1,20.47,20.47
10980,2025-06-26,South,Books,3,25.5,76.5
10981,2025-06-26,North,Home,3,68.64,205.92
10982,2025-06-26,South,Electronics,3,173.93,521.79
10983,2025-06-27,West,Home,1,70.56,70.56
10984,2025-06-27,West,Home,3,76.02,228.06
10985,2025-06-27,East,Electronics,4,215.36,861.44
10986,2025-06-28,South,Sports,4,45.03,180.12
10987,2025-06-28,North,Home,2,61.59,123.18
10988,2025-06-28,South,Books,4,27.07,108.28
10989,2025-06-28,North,Sports,2,57.91,115.82
10990,2025-06-29,South,Home,3,63.49,190.47
10991,2025-06-29,North,Home,4,90.56,362.24
10992,2025-06-29,South,Electronics,4,199.61,798.44
10993,2025-06-29,East,Home,5,76.95,384.75
10994,2025-06-29,North,Sports,2,63.38,126.76
10995,2025-06-29,East,Books,1,29.49,29.49
10996,2025-06-30,North,Home,5,62.59,312.95
10997,2025-06-30,East,Electronics,2,176.88,353.76
10998,2025-06-30,North,Books,2,21.76,43.52
10999,2025-06-30,North,Home,1,83.42,83.42
11000,2025-06-30,South,Sports,5,58.63,293.15
11001,2025-07-01,North,Books,2,29.18,58.36
11002,2025-07-01,South,Electronics,2,212.19,424.38
11003,2025-07-01,South,Sports,5,53.13,265.65
11004,2025-07-01,West,Sports,3,60.67,182.01
11005,2025-07-01,South,Home,1,64.42,64.42
11006,2025-07-01,South,Sports,5,58.74,293.7
11007,2025-07-01,North,Electronics,2,208.16,416.32
11008,2025-07-01,West,Books,3,27.77,83.31
11009,2025-07-02,North,Home,1,65.82,65.82
11010,2025-07-02,South,Home,5,84.56,422.8
11011,2025-07-02,West,Books,2,29.55,59.1
11012,2025-07-02,West,Home,2,87.82,175.64
11013,2025-07-02,West,Sports,1,56.24,56.24
11014,2025-07-03,South,Home,1,66.93,66.93
11015,2025-07-03,South,Books,1,24.85,24.85
11016,2025-07-03,West,Books,3,25.09,75.27
11017,2025-07-03,East,Electronics,3,176.61,529.83
11018,2025-07-03,East,Electronics,2,157.55,315.1
11019,2025-07-04,East,Sports,5,56.21,281.05
11020,2025-07-04,West,Home,5,68.2,341.0
11021,2025-07-04,West,Books,2,27.77,55.54
11022,2025-07-04,East,Electronics,4,203.35,813.4
11023,2025-07-04,North,Books,1,27.92,27.92
11024,2025-07-04,South,Home,4,73.02,292.08
11025,2025-07-04,West,Books,2,25.46,50.92
11026,2025-07-05,East,Electronics,4,202.31,809.24
11027,2025-07-05,North,Sports,2,52.1,104.2
11028,2025-07-05,East,Electronics,1,199.83,199.83
11029,2025-07-05,South,Home,5,61.43,307.15
11030,2025-07-05,East,Sports,2,56.89,113.78
11031,2025-07-06,East,Home,2,73.12,146.24
11032,2025-07-06,South,Home,3,73.98,221.94
11033,2025-07-06,North,Home,4,81.22,324.88
11034,2025-07-06,West,Electronics,2,198.83,397.66
11035,2025-07-06,East,Books,2,25.47,50.94
11036,2025-07-07,East,Home,4,66.02,264.08
11037,2025-07-07,East,Sports,4,48.77,195.08
11038,2025-07-07,South,Sports,1,51.5,51.5
11039,2025-07-08,North,Books,2,28.17,56.34
11040,2025-07-08,West,Electronics,1,198.94,198.94
11041,2025-07-08,East,Electronics,5,202.54,1012.7
11042,2025-07-08,South,Books,4,24.82,99.28
11043,2025-07-08,North,Home,4,79.65,318.6
11044,2025-07-08,West,Electronics,3,204.07,612.21
11045,2025-07-08,South,Electronics,2,186.46,372.92
11046,2025-07-08,North,Books,5,22.02,110.1
11047,2025-07-09,North,Books,1,27.94,27.94
11048,2025-07-09,West,Electronics,2,210.35,420.7
11049,2025-07-09,East,Home,1,74.92,74.92
11050,2025-07-09,East,Sports,5,50.62,253.1
11051,2025-07-10,East,Home,3,80.07,240.21
11052,2025-07-10,North,Books,4,20.81,83.24
11053,2025-07-10,North,Home,3,58.5,175.5
11054,2025-07-10,West,Sports,2,54.74,109.48
11055,2025-07-10,North,Home,3,71.86,215.58
11056,2025-07-10,South,Books,1,24.63,24.63
11057,2025-07-10,South,Sports,1,44.84,44.84
11058,2025-07-11,South,Books,3,26.84,80.52
11059,2025-07-11,North,Books,2,27.01,54.02
11060,2025-07-11,North,Electronics,4,174.52,698.08
11061,2025-07-11,North,Books,1,21.6,21.6
11062,2025-07-11,North,Sports,3,44.44,133.32
11063,2025-07-11,West,Sports,5,59.74,298.7
11064,2025-07-12,West,Sports,4,56.93,227.72
11065,2025-07-12,East,Sports,3,62.14,186.42
11066,2025-07-12,East,Sports,1,49.3,49.3
11067,2025-07-12,North,Electronics,3,170.36,511.08
11068,2025-07-12,West,Electronics,4,197.94,791.76
11069,2025-07-12,West,Books,2,27.09,54.18
11070,2025-07-12,North,Electronics,5,142.75,713.75
11071,2025-07-12,North,Books,4,25.63,102.52
11072,2025-07-13,East,Sports,1,45.31,45.31
11073,2025-07-13,South,Home,1,60.87,60.87
11074,2025-07-13,North,Sports,2,47.04,94.08
11075,2025-07-13,South,Books,4,25.92,103.68
11076,2025-07-13,East,Sports,3,50.62,151.86
11077,2025-07-14,East,Books,4,26.35,105.4
11078,2025-07-14,North,Electronics,5,197.08,985.4
11079,2025-07-14,North,Sports,3,49.78,149.34
11080,2025-07-14,East,Sports,4,58.61,234.44
11081,2025-07-14,South,Books,1,19.82,19.82
11082,2025-07-14,South,Home,3,61.13,183.39
11083,2025-07-14,South,Electronics,4,189.08,756.32
11084,2025-07-14,South,Books,1,20.83,20.83
11085,2025-07-15,North,Electronics,5,185.89,929.45
11086,2025-07-15,South,Electronics,3,176.59,529.77
11087,2025-07-15,North,Sports,2,54.76,109.52
11088,2025-07-16,South,Electronics,5,157.4,787.0
11089,2025-07-16,East,Sports,4,62.14,248.56
11090,2025-07-16,North,Books,5,26.17,130.85
11091,2025-07-16,North,Home,2,80.62,161.24
11092,2025-07-17,East,Sports,1,51.37,51.37
11093,2025-07-17,North,Sports,3,59.23,177.69
11094,2025-07-17,West,Sports,2,55.53,111.06
11095,2025-07-17,East,Home,2,67.77,135.54
11096,2025-07-18,North,Electronics,4,166.34,665.36
11097,2025-07-18,East,Home,4,62.94,251.76
11098,2025-07-18,North,Home,3,63.6,190.8
11099,2025-07-18,East,Electronics,1,162.47,162.47
11100,2025-07-18,West,Sports,2,50.79,101.58
11101,2025-07-18,South,Books,3,26.19,78.57
11102,2025-07-19,South,Books,3,23.02,69.06
11103,2025-07-19,East,Electronics,4,167.52,670.08
11104,2025-07-19,West,Home,4,65.82,263.28
11105,2025-07-19,East,Sports,1,50.29,50.29
11106,2025-07-20,North,Books,3,24.13,72.39
11107,2025-07-20,South,Books,2,24.74,49.48
11108,2025-07-20,North,Books,3,19.06,57.18
11109,2025-07-20,South,Electronics,5,150.61,753.05
11110,2025-07-20,North,Electronics,2,163.15,326.3
11111,2025-07-20,South,Sports,3,44.88,134.64
11112,2025-07-20,North,Electronics,1,173.23,173.23
11113,2025-07-20,South,Home,3,62.9,188.7
11114,2025-07-21,South,Electronics,3,142.8,428.4
11115,2025-07-21,West,Sports,1,44.42,44.42
11116,2025-07-21,West,Books,3,24.56,73.68
11117,2025-07-21,East,Sports,5,43.22,216.1
11118,2025-07-21,South,Books,3,24.68,74.04
11119,2025-07-21,North,Sports,3,49.34,148.02
11120,2025-07-22,West,Home,1,84.32,84.32
11121,2025-07-22,South,Home,4,83.5,334.0
11122,2025-07-22,East,Sports,1,60.3,60.3
11123,2025-07-22,South,Sports,4,44.34,177.36
11124,2025-07-22,East,Sports,3,55.16,165.48
11125,2025-07-23,South,Home,1,62.94,62.94
11126,2025-07-23,South,Books,5,25.32,126.6
11127,2025-07-23,North,Books,5,18.77,93.85
11128,2025-07-24,North,Electronics,4,138.24,552.96
11129,2025-07-24,North,Sports,2,53.07,106.14
11130,2025-07-24,East,Home,2,75.42,150.84
11131,2025-07-24,East,Sports,3,52.56,157.68
11132,2025-07-24,North,Sports,5,54.68,273.4
11133,2025-07-24,West,Home,4,58.32,233.28
11134,2025-07-24,South,Books,2,18.74,37.48
11135,2025-07-24,North,Books,5,26.23,131.15
11136,2025-07-25,West,Electronics,4,161.78,647.12
11137,2025-07-25,South,Electronics,2,187.21,374.42
11138,2025-07-25,North,Books,4,20.01,80.04
11139,2025-07-25,West,Electronics,4,143.7,574.8
11140,2025-07-26,West,Books,3,21.64,64.92
11141,2025-07-26,East,Electronics,3,149.93,449.79
11142,2025-07-26,North,Sports,5,57.01,285.05
11143,2025-07-26,East,Books,5,24.01,120.05
11144,2025-07-26,North,Electronics,2,169.6,339.2
11145,2025-07-27,South,Books,2,23.77,47.54
11146,2025-07-27,West,Electronics,2,176.26,352.52
11147,2025-07-27,South,Home,1,81.19,81.19
11148,2025-07-27,West,Sports,3,53.92,161.76
11149,2025-07-27,West,Sports,4,55.18,220.72
11150,2025-07-28,West,Electronics,4,151.03,604.12
11151,2025-07-28,East,Electronics,4,136.98,547.92
11152,2025-07-28,East,Sports,2,41.74,83.48
11153,2025-07-28,West,Sports,5,52.88,264.4
11154,2025-07-28,North,Sports,4,57.16,228.64
11155,2025-07-28,North,Home,5,70.79,353.95
11156,2025-07-29,North,Home,5,60.86,304.3
11157,2025-07-29,East,Books,5,19.26,96.3
11158,2025-07-29,East,Books,4,20.61,82.44
11159,2025-07-29,East,Home,4,57.4,229.6
11160,2025-07-29,South,Books,4,19.38,77.52
11161,2025-07-29,East,Home,1,75.75,75.75
11162,2025-07-30,South,Home,5,75.83,379.15
11163,2025-07-30,South,Sports,3,54.54,163.62
11164,2025-07-30,South,Books,5,19.14,95.7
11165,2025-07-30,East,Home,3,65.71,197.13
11166,2025-07-31,South,Sports,3,51.61,154.83
11167,2025-07-31,South,Electronics,2,140.68,281.36
11168,2025-07-31,South,Home,5,71.24,356.2
11169,2025-07-31,West,Sports,2,56.01,112.02
11170,2025-08-01,North,Home,2,60.87,121.74
11171,2025-08-01,North,Books,1,23.82,23.82
11172,2025-08-01,East,Books,1,19.87,19.87
11173,2025-08-01,East,Sports,5,58.53,292.65
11174,2025-08-01,South,Sports,4,48.98,195.92
11175,2025-08-02,East,Electronics,5,160.73,803.65
11176,2025-08-02,South,Sports,4,44.88,179.52
11177,2025-08-02,West,Electronics,5,136.99,684.95
11178,2025-08-02,West,Sports,1,52.18,52.18
11179,2025-08-02,West,Books,3,23.74,71.22
11180,2025-08-03,North,Books,2,20.53,41.06
11181,2025-08-03,North,Sports,5,44.66,223.3
11182,2025-08-03,South,Electronics,5,154.59,772.95
11183,2025-08-03,North,Home,5,59.2,296.0
11184,2025-08-04,North,Sports,1,40.0,40.0
11185,2025-08-04,South,Sports,5,55.87,279.35
11186,2025-08-04,East,Sports,1,57.67,57.67
11187,2025-08-04,West,Sports,2,51.8,103.6
11188,2025-08-04,North,Sports,4,44.09,176.36
11189,2025-08-05,North,Electronics,2,180.06,360.12
11190,2025-08-05,East,Books,4,20.83,83.32
11191,2025-08-05,West,Electronics,3,164.9,494.7
11192,2025-08-05,South,Books,5,25.85,129.25
11193,2025-08-06,West,Electronics,5,191.4,957.0
11194,2025-08-06,North,Home,5,56.05,280.25
11195,2025-08-06,North,Home,2,60.74,121.48
11196,2025-08-06,North,Electronics,5,141.74,708.7
11197,2025-08-07,North,Books,4,23.62,94.48
11198,2025-08-07,West,Electronics,4,150.11,600.44
11199,2025-08-07,East,Sports,3,57.79,173.37
11200,2025-08-07,North,Home,2,60.5,121.0
11201,2025-08-07,South,Sports,3,48.22,144.66
11202,2025-08-07,East,Home,4,57.93,231.72
11203,2025-08-07,West,Sports,5,44.71,223.55
11204,2025-08-07,South,Sports,1,45.88,45.88
11205,2025-08-08,South,Books,3,19.53,58.59
11206,2025-08-08,East,Electronics,2,136.68,273.36
11207,2025-08-08,East,Sports,4,57.75,231.0
11208,2025-08-08,North,Home,2,56.13,112.26
11209,2025-08-08,West,Sports,1,53.39,53.39
11210,2025-08-08,East,Books,3,18.34,55.02
11211,2025-08-08,West,Electronics,4,152.58,610.32
11212,2025-08-09,South,Sports,1,58.61,58.61
11213,2025-08-09,North,Electronics,2,169.0,338.0
11214,2025-08-09,West,Electronics,4,173.62,694.48
11215,2025-08-10,West,Home,1,53.23,53.23
11216,2025-08-10,North,Sports,2,41.44,82.88
11217,2025-08-10,South,Home,1,62.04,62.04
11218,2025-08-11,North,Books,1,25.79,25.79
11219,2025-08-11,South,Home,4,78.65,314.6
11220,2025-08-11,West,Books,1,24.01,24.01
11221,2025-08-12,East,Electronics,4,133.13,532.52
11222,2025-08-12,North,Electronics,3,165.39,496.17
11223,2025-08-12,North,Home,5,70.71,353.55
11224,2025-08-13,East,Sports,5,51.83,259.15
11225,2025-08-13,South,Electronics,1,149.78,149.78
11226,2025-08-13,West,Sports,1,48.53,48.53
11227,2025-08-13,East,Books,4,21.92,87.68
11228,2025-08-14,West,Electronics,1,131.44,131.44
11229,2025-08-14,North,Books,4,25.13,100.52
11230,2025-08-14,North,Electronics,3,138.68,416.04
11231,2025-08-14,South,Sports,1,49.29,49.29
11232,2025-08-15,East,Electronics,4,150.48,601.92
11233,2025-08-15,South,Sports,3,41.48,124.44
11234,2025-08-15,North,Sports,5,53.17,265.85
11235,2025-08-15,South,Books,5,23.19,115.95
11236,2025-08-15,West,Sports,5,46.53,232.65
11237,2025-08-16,North,Electronics,1,132.59,132.59
11238,2025-08-16,West,Electronics,4,169.79,679.16
11239,2025-08-16,South,Books,4,22.61,90.44
11240,2025-08-17,North,Books,4,20.51,82.04
11241,2025-08-17,East,Electronics,5,146.13,730.65
11242,2025-08-17,South,Books,2,24.49,48.98
11243,2025-08-17,North,Books,2,18.63,37.26
11244,2025-08-17,East,Books,5,23.31,116.55
11245,2025-08-17,South,Electronics,2,155.71,311.42
11246,2025-08-17,East,Electronics,3,132.43,397.29
11247,2025-08-18,East,Home,1,56.4,56.4
11248,2025-08-18,North,Electronics,3,142.91,428.73
11249,2025-08-18,West,Electronics,2,145.23,290.46
11250,2025-08-19,West,Books,3,25.3,75.9
11251,2025-08-19,West,Home,1,66.46,66.46
11252,2025-08-19,North,Home,2,72.84,145.68
11253,2025-08-19,East,Books,2,25.75,51.5
11254,2025-08-19,South,Sports,3,43.29,129.87
11255,2025-08-19,West,Home,4,72.9,291.6
11256,2025-08-20,North,Electronics,5,159.68,798.4
11257,2025-08-20,South,Electronics,1,129.43,129.43
11258,2025-08-20,North,Sports,2,47.11,94.22
11259,2025-08-21,West,Home,1,56.63,56.63
11260,2025-08-21,North,Books,4,25.46,101.84
11261,2025-08-21,South,Electronics,5,161.13,805.65
11262,2025-08-22,North,Sports,4,51.19,204.76
11263,2025-08-22,East,Sports,5,47.02,235.1
11264,2025-08-22,South,Sports,1,39.86,39.86
11265,2025-08-22,South,Sports,4,38.5,154.0
11266,2025-08-22,North,Home,1,56.55,56.55
11267,2025-08-22,North,Books,4,22.62,90.48
11268,2025-08-22,North,Home,1,62.82,62.82
11269,2025-08-22,North,Home,2,70.23,140.46
11270,2025-08-23,East,Sports,3,46.98,140.94
11271,2025-08-23,North,Books,2,21.44,42.88
11272,2025-08-23,West,Books,3,17.4,52.2
11273,2025-08-23,North,Books,3,19.37,58.11
11274,2025-08-23,South,Books,5,23.34,116.7
11275,2025-08-23,South,Electronics,5,125.21,626.05
11276,2025-08-23,North,Home,3,53.36,160.08
11277,2025-08-24,West,Books,5,21.81,109.05
11278,2025-08-24,West,Sports,3,38.9,116.7
11279,2025-08-24,South,Electronics,4,129.64,518.56
11280,2025-08-25,North,Books,2,17.2,34.4
11281,2025-08-25,West,Home,4,71.84,287.36
11282,2025-08-25,East,Sports,4,53.54,214.16
11283,2025-08-26,South,Electronics,5,153.94,769.7
11284,2025-08-26,East,Electronics,1,139.72,139.72
11285,2025-08-26,West,Sports,1,42.09,42.09
11286,2025-08-26,South,Home,1,64.61,64.61
11287,2025-08-26,South,Sports,5,43.02,215.1
11288,2025-08-26,West,Sports,1,52.95,52.95
11289,2025-08-26,South,Home,1,53.83,53.83
11290,2025-08-26,East,Sports,3,52.46,157.38
11291,2025-08-27,North,Sports,5,44.81,224.05
11292,2025-08-27,West,Books,1,18.01,18.01
11293,2025-08-27,West,Electronics,1,152.95,152.95
11294,2025-08-27,South,Home,2,65.39,130.78
11295,2025-08-27,West,Home,3,68.11,204.33
11296,2025-08-27,East,Books,2,19.97,39.94
11297,2025-08-27,South,Sports,5,43.35,216.75
11298,2025-08-28,East,Home,3,67.47,202.41
11299,2025-08-28,East,Home,1,62.21,62.21
11300,2025-08-28,North,Books,3,24.26,72.78
11301,2025-08-28,North,Electronics,1,153.36,153.36
11302,2025-08-28,East,Home,4,74.3,297.2
11303,2025-08-28,North,Sports,3,55.21,165.63
11304,2025-08-29,South,Electronics,5,178.4,892.0
11305,2025-08-29,East,Sports,3,50.09,150.27
11306,2025-08-29,North,Books,3,24.97,74.91
11307,2025-08-30,South,Electronics,2,130.28,260.56
11308,2025-08-30,South,Sports,2,37.76,75.52
11309,2025-08-30,West,Electronics,4,178.33,713.32
11310,2025-08-30,West,Electronics,4,164.02,656.08
11311,2025-08-30,North,Home,4,52.52,210.08
11312,2025-08-30,East,Books,3,24.6,73.8
11313,2025-08-31,North,Books,5,21.25,106.25
11314,2025-08-31,West,Home,2,63.5,127.0
11315,2025-08-31,East,Electronics,4,129.78,519.12
11316,2025-08-31,East,Sports,3,38.17,114.51
11317,2025-08-31,South,Home,4,66.39,265.56
11318,2025-08-31,North,Electronics,4,125.11,500.44
11319,2025-09-01,West,Home,5,59.24,296.2
11320,2025-09-01,South,Sports,1,39.96,39.96
11321,2025-09-01,South,Home,3,52.77,158.31
11322,2025-09-02,West,Sports,5,52.24,261.2
11323,2025-09-02,East,Sports,1,55.26,55.26
11324,2025-09-02,East,Home,2,52.41,104.82
11325,2025-09-02,North,Sports,5,43.0,215.0
11326,2025-09-02,South,Home,1,65.55,65.55
11327,2025-09-02,South,Home,4,51.52,206.08
11328,2025-09-02,North,Books,2,24.23,48.46
11329,2025-09-02,North,Home,1,69.6,69.6
11330,2025-09-03,South,Home,5,67.85,339.25
11331,2025-09-03,West,Books,3,16.81,50.43
11332,2025-09-03,North,Electronics,1,168.3,168.3
11333,2025-09-03,West,Home,5,73.15,365.75
11334,2025-09-03,North,Electronics,1,148.27,148.27
11335,2025-09-03,West,Home,4,50.58,202.32
11336,2025-09-03,South,Home,4,70.4,281.6
11337,2025-09-04,North,Sports,2,42.63,85.26
11338,2025-09-04,South,Books,5,20.46,102.3
11339,2025-09-04,East,Home,4,60.63,242.52
11340,2025-09-04,East,Home,3,61.2,183.6
11341,2025-09-04,West,Books,3,24.59,73.77
11342,2025-09-04,West,Home,3,61.45,184.35
11343,2025-09-04,South,Sports,1,47.29,47.29
11344,2025-09-05,East,Sports,1,49.31,49.31
11345,2025-09-05,East,Home,4,55.49,221.96
11346,2025-09-05,East,Home,2,50.31,100.62
11347,2025-09-05,East,Books,5,21.86,109.3
11348,2025-09-05,South,Electronics,3,163.82,491.46
11349,2025-09-05,West,Sports,4,44.07,176.28
11350,2025-09-05,South,Books,5,21.53,107.65
11351,2025-09-05,South,Home,1,66.44,66.44
11352,2025-09-06,East,Electronics,3,150.29,450.87
11353,2025-09-06,South,Books,4,19.05,76.2
11354,2025-09-06,East,Sports,5,49.8,249.0
11355,2025-09-06,North,Books,2,24.4,48.8
11356,2025-09-06,West,Books,4,21.82,87.28
11357,2025-09-06,West,Electronics,1,166.47,166.47
11358,2025-09-06,East,Sports,3,52.76,158.28
11359,2025-09-06,West,Electronics,3,150.86,452.58
11360,2025-09-07,West,Home,4,53.94,215.76
11361,2025-09-07,North,Home,5,62.22,311.1
11362,2025-09-07,South,Electronics,5,148.68,743.4
11363,2025-09-07,North,Electronics,1,162.6,162.6
11364,2025-09-07,South,Books,4,21.64,86.56
11365,2025-09-08,West,Electronics,2,173.39,346.78
11366,2025-09-08,South,Sports,3,52.93,158.79
11367,2025-09-08,South,Electronics,1,148.31,148.31
11368,2025-09-08,South,Home,3,74.97,224.91
11369,2025-09-09,North,Electronics,5,171.64,858.2
11370,2025-09-09,East,Sports,2,46.14,92.28
11371,2025-09-09,South,Home,2,69.91,139.82
11372,2025-09-10,South,Sports,5,47.97,239.85
11373,2025-09-10,South,Sports,3,45.8,137.4
11374,2025-09-10,East,Electronics,5,130.76,653.8
11375,2025-09-10,South,Books,2,23.78,47.56
11376,2025-09-10,West,Electronics,3,169.83,509.49
11377,2025-09-10,North,Home,1,53.38,53.38
11378,2025-09-10,West,Electronics,2,146.4,292.8
11379,2025-09-10,South,Home,3,70.34,211.02
11380,2025-09-11,South,Home,4,51.65,206.6
11381,2025-09-11,East,Electronics,4,166.91,667.64
11382,2025-09-11,East,Home,3,72.61,217.83
11383,2025-09-11,East,Books,5,19.85,99.25
11384,2025-09-11,North,Home,4,57.11,228.44
11385,2025-09-12,South,Books,1,23.27,23.27
11386,2025-09-12,South,Home,1,50.86,50.86
11387,2025-09-12,South,Books,3,23.91,71.73
11388,2025-09-12,West,Home,5,60.66,303.3
11389,2025-09-12,East,Home,2,62.23,124.46
11390,2025-09-12,North,Books,2,24.34,48.68
11391,2025-09-12,West,Electronics,3,134.14,402.42
11392,2025-09-13,East,Electronics,2,158.41,316.82
11393,2025-09-13,North,Home,2,64.98,129.96
11394,2025-09-13,North,Books,5,22.32,111.6
11395,2025-09-14,South,Home,2,57.6,115.2
11396,2025-09-14,North,Home,5,65.08,325.4
11397,2025-09-14,North,Home,4,70.39,281.56
11398,2025-09-14,South,Home,4,63.56,254.24
11399,2025-09-14,West,Books,2,21.87,43.74
11400,2025-09-14,East,Electronics,1,125.49,125.49
11401,2025-09-15,West,Sports,3,43.93,131.79
11402,2025-09-15,South,Sports,2,51.32,102.64
11403,2025-09-15,North,Electronics,2,166.91,333.82
11404,2025-09-15,East,Sports,4,36.92,147.68
11405,2025-09-15,South,Electronics,5,129.53,647.65
11406,2025-09-15,South,Electronics,4,139.86,559.44
11407,2025-09-15,West,Electronics,2,133.73,267.46
11408,2025-09-16,West,Books,2,18.25,36.5
11409,2025-09-16,West,Home,3,57.42,172.26
11410,2025-09-16,North,Books,1,17.82,17.82
11411,2025-09-16,West,Home,4,50.97,203.88
11412,2025-09-16,West,Electronics,2,172.92,345.84
11413,2025-09-17,West,Electronics,4,133.09,532.36
11414,2025-09-17,South,Home,2,52.68,105.36
11415,2025-09-17,North,Books,2,21.25,42.5
11416,2025-09-17,West,Home,5,56.83,284.15
11417,2025-09-17,East,Electronics,2,165.77,331.54
11418,2025-09-18,West,Home,2,63.59,127.18
11419,2025-09-18,South,Home,5,67.71,338.55
11420,2025-09-18,North,Electronics,1,143.97,143.97
11421,2025-09-18,East,Home,1,51.8,51.8
11422,2025-09-18,North,Sports,2,53.54,107.08
11423,2025-09-18,East,Sports,2,36.98,73.96
11424,2025-09-18,South,Electronics,4,124.18,496.72
11425,2025-09-19,East,Electronics,4,143.73,574.92
11426,2025-09-19,South,Home,3,50.03,150.09
11427,2025-09-19,North,Electronics,3,170.99,512.97
11428,2025-09-19,North,Electronics,3,159.19,477.57
11429,2025-09-19,East,Sports,1,39.02,39.02
11430,2025-09-19,East,Home,2,60.27,120.54
11431,2025-09-19,East,Books,4,23.62,94.48
11432,2025-09-20,West,Books,5,22.67,113.35
11433,2025-09-20,West,Books,5,22.47,112.35
11434,2025-09-20,West,Home,5,72.46,362.3
11435,2025-09-20,East,Home,1,62.1,62.1
11436,2025-09-21,East,Books,1,23.19,23.19
11437,2025-09-21,South,Books,4,24.36,97.44
11438,2025-09-21,East,Electronics,3,163.27,489.81
11439,2025-09-21,East,Sports,5,52.6,263.0
11440,2025-09-21,South,Sports,4,39.22,156.88
11441,2025-09-21,East,Sports,5,40.81,204.05
11442,2025-09-22,East,Books,4,20.07,80.28
11443,2025-09-22,East,Electronics,3,169.07,507.21
11444,2025-09-22,North,Books,3,17.18,51.54
11445,2025-09-22,North,Sports,2,52.02,104.04
11446,2025-09-22,South,Books,2,18.09,36.18
11447,2025-09-23,North,Sports,3,44.3,132.9
11448,2025-09-23,North,Books,4,19.26,77.04
11449,2025-09-23,South,Home,2,56.15,112.3
11450,2025-09-23,North,Books,2,24.55,49.1
11451,2025-09-23,North,Home,2,51.47,102.94
11452,2025-09-23,South,Electronics,5,165.04,825.2
11453,2025-09-23,North,Books,3,19.2,57.6
11454,2025-09-23,North,Sports,2,53.14,106.28
11455,2025-09-24,South,Books,3,23.14,69.42
11456,2025-09-24,East,Home,4,61.38,245.52
11457,2025-09-24,South,Sports,4,49.83,199.32
11458,2025-09-24,North,Electronics,5,123.28,616.4
11459,2025-09-24,South,Books,2,18.28,36.56
11460,2025-09-24,West,Home,3,72.13,216.39
11461,2025-09-25,West,Sports,1,42.42,42.42
11462,2025-09-25,East,Sports,1,41.98,41.98
11463,2025-09-25,North,Electronics,1,127.28,127.28
11464,2025-09-25,North,Sports,1,47.84,47.84
11465,2025-09-26,South,Books,4,18.66,74.64
11466,2025-09-26,South,Electronics,1,130.37,130.37
11467,2025-09-26,North,Home,3,49.73,149.19
11468,2025-09-26,North,Electronics,1,157.52,157.52
11469,2025-09-26,West,Sports,4,50.52,202.08
11470,2025-09-26,West,Books,3,17.54,52.62
11471,2025-09-27,East,Electronics,1,143.59,143.59
11472,2025-09-27,South,Home,5,56.11,280.55
11473,2025-09-27,South,Electronics,4,167.81,671.24
11474,2025-09-27,East,Books,3,20.82,62.46
11475,2025-09-27,East,Sports,1,49.14,49.14
11476,2025-09-27,South,Sports,2,42.01,84.02
11477,2025-09-27,South,Books,5,21.53,107.65
11478,2025-09-27,East,Home,3,59.41,178.23
11479,2025-09-28,East,Home,2,60.04,120.08
11480,2025-09-28,South,Sports,4,36.81,147.24
11481,2025-09-28,West,Books,3,22.0,66.0
11482,2025-09-28,South,Books,4,21.76,87.04
11483,2025-09-28,North,Sports,1,45.26,45.26
11484,2025-09-28,West,Home,4,66.57,266.28
11485,2025-09-29,North,Electronics,2,143.13,286.26
11486,2025-09-29,East,Home,5,58.82,294.1
11487,2025-09-29,South,Home,4,54.61,218.44
11488,2025-09-29,South,Books,1,22.19,22.19
11489,2025-09-29,South,Home,1,60.77,60.77
11490,2025-09-29,West,Electronics,5,138.39,691.95
11491,2025-09-30,North,Books,3,21.02,63.06
11492,2025-09-30,South,Electronics,2,154.69,309.38
11493,2025-09-30,East,Home,1,54.21,54.21
11494,2025-09-30,South,Electronics,1,125.16,125.16
11495,2025-09-30,East,Books,4,16.42,65.68
11496,2025-09-30,South,Electronics,5,119.26,596.3
11497,2025-09-30,West,Home,2,71.7,143.4
11498,2025-10-01,South,Sports,5,53.66,268.3
11499,2025-10-01,South,Electronics,1,176.35,176.35
11500,2025-10-01,North,Books,5,18.49,92.45
11501,2025-10-01,West,Sports,1,48.05,48.05
11502,2025-10-01,South,Sports,4,52.76,211.04
11503,2025-10-01,East,Books,4,18.95,75.8
11504,2025-10-01,North,Home,5,53.93,269.65
11505,2025-10-02,South,Electronics,4,159.7,638.8
11506,2025-10-02,West,Electronics,3,140.19,420.57
11507,2025-10-02,East,Sports,1,51.98,51.98
11508,2025-10-03,East,Sports,4,45.31,181.24
11509,2025-10-03,West,Electronics,3,169.2,507.6
11510,2025-10-03,South,Home,3,56.71,170.13
11511,2025-10-03,South,Home,3,62.61,187.83
11512,2025-10-03,South,Sports,4,40.02,160.08
11513,2025-10-03,South,Books,5,19.24,96.2
11514,2025-10-03,South,Books,1,21.0,21.0
11515,2025-10-04,North,Sports,4,38.6,154.4
11516,2025-10-04,West,Electronics,5,149.51,747.55
11517,2025-10-04,West,Sports,2,36.74,73.48
11518,2025-10-04,East,Sports,3,40.85,122.55
11519,2025-10-05,South,Home,4,61.48,245.92
11520,2025-10-05,West,Electronics,2,129.12,258.24
11521,2025-10-05,North,Books,1,21.4,21.4
11522,2025-10-05,West,Electronics,2,130.54,261.08
11523,2025-10-05,West,Sports,1,51.91,51.91
11524,2025-10-06,South,Electronics,3,174.86,524.58
11525,2025-10-06,East,Books,4,16.98,67.92
11526,2025-10-06,East,Electronics,3,176.63,529.89
11527,2025-10-06,North,Books,4,19.66,78.64
11528,2025-10-06,North,Home,2,52.44,104.88
11529,2025-10-06,North,Sports,5,42.34,211.7
11530,2025-10-06,South,Home,1,61.51,61.51
11531,2025-10-06,East,Electronics,1,126.66,126.66
11532,2025-10-07,East,Books,3,20.71,62.13
11533,2025-10-07,North,Sports,1,37.51,37.51
11534,2025-10-07,East,Electronics,5,126.47,632.35
11535,2025-10-07,North,Sports,3,47.9,143.7
11536,2025-10-07,South,Electronics,3,152.59,457.77
11537,2025-10-08,North,Electronics,1,122.53,122.53
11538,2025-10-08,South,Home,2,60.79,121.58
11539,2025-10-08,North,Books,3,24.47,73.41
11540,2025-10-08,West,Sports,3,37.6,112.8
11541,2025-10-08,West,Home,1,49.63,49.63
11542,2025-10-09,East,Electronics,5,138.44,692.2
11543,2025-10-09,South,Electronics,1,160.71,160.71
11544,2025-10-09,South,Home,5,55.25,276.25
11545,2025-10-09,West,Home,3,53.85,161.55
11546,2025-10-10,South,Books,1,17.77,17.77
11547,2025-10-10,North,Sports,2,39.3,78.6
11548,2025-10-10,South,Electronics,5,120.95,604.75
11549,2025-10-11,East,Home,3,55.55,166.65
11550,2025-10-11,West,Home,5,67.17,335.85
11551,2025-10-11,North,Books,2,18.05,36.1
11552,2025-10-11,South,Home,3,69.03,207.09
11553,2025-10-11,West,Home,5,65.46,327.3
11554,2025-10-12,East,Sports,3,52.62,157.86
11555,2025-10-12,South,Sports,1,47.83,47.83
11556,2025-10-12,South,Electronics,3,125.92,377.76
11557,2025-10-12,North,Home,4,70.32,281.28
11558,2025-10-12,South,Sports,2,51.11,102.22
11559,2025-10-12,West,Home,3,52.74,158.22
11560,2025-10-12,West,Sports,5,44.93,224.65
11561,2025-10-13,South,Sports,2,41.06,82.12
11562,2025-10-13,South,Home,1,72.91,72.91
11563,2025-10-13,East,Electronics,4,151.12,604.48
11564,2025-10-13,South,Home,4,70.44,281.76
11565,2025-10-13,West,Electronics,2,175.22,350.44
11566,2025-10-13,North,Home,3,73.34,220.02
11567,2025-10-14,East,Sports,4,46.92,187.68
11568,2025-10-14,North,Electronics,1,165.61,165.61
11569,2025-10-14,East,Home,4,72.0,288.0
11570,2025-10-14,East,Books,1,19.73,19.73
11571,2025-10-14,South,Sports,4,39.46,157.84
11572,2025-10-14,South,Electronics,1,142.89,142.89
11573,2025-10-14,South,Sports,3,39.12,117.36
11574,2025-10-15,West,Home,1,56.31,56.31
11575,2025-10-15,South,Home,4,57.19,228.76
11576,2025-10-15,South,Sports,5,46.11,230.55
11577,2025-10-15,West,Electronics,4,123.21,492.84
11578,2025-10-15,East,Electronics,3,164.31,492.93
11579,2025-10-15,North,Sports,5,39.7,198.5
11580,2025-10-16,North,Electronics,2,154.13,308.26
11581,2025-10-16,North,Sports,2,52.8,105.6
11582,2025-10-16,East,Home,2,65.9,131.8
11583,2025-10-17,East,Home,2,72.13,144.26
11584,2025-10-17,East,Electronics,5,162.43,812.15
11585,2025-10-17,East,Sports,5,45.82,229.1
11586,2025-10-17,South,Home,4,68.74,274.96
11587,2025-10-17,West,Sports,3,50.36,151.08
11588,2025-10-18,South,Books,3,23.72,71.16
11589,2025-10-18,West,Home,3,73.29,219.87
11590,2025-10-18,South,Sports,4,52.58,210.32
11591,2025-10-18,South,Home,3,53.46,160.38
11592,2025-10-19,North,Sports,5,51.03,255.15
11593,2025-10-19,South,Sports,5,49.8,249.0
11594,2025-10-19,West,Sports,1,45.77,45.77
11595,2025-10-19,South,Electronics,3,120.56,361.68
11596,2025-10-19,North,Sports,1,49.4,49.4
11597,2025-10-19,West,Electronics,4,142.65,570.6
11598,2025-10-19,North,Sports,4,43.45,173.8
11599,2025-10-19,North,Sports,3,41.12,123.36
11600,2025-10-20,North,Electronics,4,145.48,581.92
11601,2025-10-20,North,Home,5,63.18,315.9
11602,2025-10-20,North,Home,3,61.59,184.77
11603,2025-10-21,East,Electronics,1,173.94,173.94
11604,2025-10-21,North,Electronics,4,132.04,528.16
11605,2025-10-21,South,Sports,3,41.68,125.04
11606,2025-10-21,East,Books,2,21.92,43.84
11607,2025-10-21,South,Electronics,2,120.8,241.6
11608,2025-10-21,West,Home,2,61.3,122.6
11609,2025-10-21,East,Books,5,22.49,112.45
11610,2025-10-22,West,Home,2,69.61,139.22
11611,2025-10-22,North,Sports,2,54.65,109.3
11612,2025-10-22,East,Books,4,24.12,96.48
11613,2025-10-22,North,Sports,4,49.4,197.6
11614,2025-10-23,South,Home,3,70.15,210.45
11615,2025-10-23,West,Sports,1,39.11,39.11
11616,2025-10-23,North,Electronics,5,124.8,624.0
11617,2025-10-24,South,Sports,5,52.05,260.25
11618,2025-10-24,East,Books,2,21.02,42.04
11619,2025-10-24,West,Electronics,1,130.64,130.64
11620,2025-10-24,West,Books,1,18.4,18.4
11621,2025-10-24,North,Books,5,21.81,109.05
11622,2025-10-25,North,Sports,5,40.25,201.25
11623,2025-10-25,West,Sports,1,45.01,45.01
11624,2025-10-25,East,Electronics,4,141.76,567.04
11625,2025-10-26,North,Home,2,64.45,128.9
11626,2025-10-26,North,Electronics,1,161.4,161.4
11627,2025-10-26,South,Electronics,1,161.73,161.73
11628,2025-10-26,West,Home,1,50.56,50.56
11629,2025-10-26,East,Home,3,55.69,167.07
11630,2025-10-26,North,Sports,5,47.92,239.6
11631,2025-10-26,West,Electronics,5,135.9,679.5
11632,2025-10-27,East,Books,4,22.9,91.6
11633,2025-10-27,North,Home,4,51.97,207.88
11634,2025-10-27,East,Electronics,3,173.07,519.21
11635,2025-10-27,South,Home,3,66.76,200.28
11636,2025-10-27,East,Books,5,20.75,103.75
11637,2025-10-27,West,Home,3,68.34,205.02
11638,2025-10-28,South,Home,5,50.89,254.45
11639,2025-10-28,West,Electronics,4,141.45,565.8
11640,2025-10-28,West,Home,1,55.07,55.07
11641,2025-10-28,South,Sports,1,38.24,38.24
11642,2025-10-28,West,Books,1,20.69,20.69
11643,2025-10-29,West,Books,2,24.88,49.76
11644,2025-10-29,East,Books,3,23.69,71.07
11645,2025-10-29,South,Books,4,21.12,84.48
11646,2025-10-29,South,Home,3,70.46,211.38
11647,2025-10-29,West,Electronics,4,181.52,726.08
11648,2025-10-29,South,Home,1,72.21,72.21
11649,2025-10-30,North,Electronics,5,145.84,729.2
11650,2025-10-30,North,Books,5,19.28,96.4
11651,2025-10-30,East,Sports,5,43.65,218.25
11652,2025-10-30,North,Electronics,4,129.17,516.68
11653,2025-10-30,North,Books,5,24.51,122.55
11654,2025-10-30,North,Books,2,25.22,50.44
11655,2025-10-30,West,Sports,1,38.27,38.27
11656,2025-10-31,North,Electronics,4,170.7,682.8
11657,2025-10-31,East,Home,3,61.89,185.67
11658,2025-10-31,North,Sports,5,49.9,249.5
11659,2025-11-01,West,Home,2,76.02,152.04
11660,2025-11-01,East,Home,2,51.04,102.08
11661,2025-11-01,North,Electronics,2,142.7,285.4
11662,2025-11-01,East,Books,5,22.21,111.05
11663,2025-11-01,North,Sports,5,42.01,210.05
11664,2025-11-01,West,Books,5,16.93,84.65
11665,2025-11-02,East,Home,5,70.84,354.2
11666,2025-11-02,North,Books,4,23.92,95.68
11667,2025-11-02,South,Books,3,22.18,66.54
11668,2025-11-02,East,Electronics,5,155.57,777.85
11669,2025-11-02,North,Home,1,69.66,69.66
11670,2025-11-03,West,Electronics,5,128.43,642.15
11671,2025-11-03,East,Books,2,21.0,42.0
11672,2025-11-03,North,Electronics,5,126.51,632.55
11673,2025-11-03,South,Electronics,5,153.45,767.25
11674,2025-11-03,North,Sports,5,39.72,198.6
11675,2025-11-04,North,Sports,3,41.8,125.4
11676,2025-11-04,East,Sports,2,51.75,103.5
11677,2025-11-04,West,Home,5,64.28,321.4
11678,2025-11-05,West,Sports,1,38.78,38.78
11679,2025-11-05,East,Sports,3,54.23,162.69
11680,2025-11-05,North,Electronics,4,181.13,724.52
11681,2025-11-05,East,Home,4,70.09,280.36
11682,2025-11-05,South,Sports,2,47.65,95.3
11683,2025-11-06,East,Books,5,23.44,117.2
11684,2025-11-06,East,Electronics,2,159.16,318.32
11685,2025-11-06,South,Home,1,62.3,62.3
11686,2025-11-06,North,Home,5,64.35,321.75
11687,2025-11-06,North,Electronics,1,159.27,159.27
11688,2025-11-06,North,Electronics,3,134.97,404.91
11689,2025-11-06,East,Sports,5,38.06,190.3
11690,2025-11-06,West,Sports,4,41.8,167.2
11691,2025-11-07,North,Home,1,74.84,74.84
11692,2025-11-07,West,Sports,2,40.56,81.12
11693,2025-11-07,West,Sports,1,41.44,41.44
11694,2025-11-07,East,Electronics,4,155.2,620.8
11695,2025-11-08,East,Electronics,2,150.61,301.22
11696,2025-11-08,East,Electronics,3,133.19,399.57
11697,2025-11-08,West,Books,4,24.0,96.0
11698,2025-11-08,West,Sports,3,42.89,128.67
11699,2025-11-09,West,Home,5,75.28,376.4
11700,2025-11-09,East,Home,2,74.14,148.28
11701,2025-11-09,West,Electronics,3,127.01,381.03
11702,2025-11-10,East,Sports,2,42.78,85.56
11703,2025-11-10,North,Books,4,21.84,87.36
11704,2025-11-10,West,Electronics,2,155.73,311.46
11705,2025-11-10,North,Home,2,56.35,112.7
11706,2025-11-10,East,Sports,2,49.13,98.26
11707,2025-11-11,South,Home,3,55.39,166.17
11708,2025-11-11,North,Electronics,2,126.2,252.4
11709,2025-11-11,West,Home,5,73.35,366.75
11710,2025-11-11,West,Electronics,2,160.15,320.3
11711,2025-11-12,East,Books,5,19.36,96.8
11712,2025-11-12,South,Home,2,52.99,105.98
11713,2025-11-12,South,Home,2,74.73,149.46
11714,2025-11-13,West,Sports,1,46.92,46.92
11715,2025-11-13,East,Home,3,66.5,199.5
11716,2025-11-13,South,Sports,1,54.25,54.25
11717,2025-11-13,East,Books,4,23.08,92.32
11718,2025-11-13,East,Home,3,60.76,182.28
11719,2025-11-13,East,Electronics,4,127.75,511.0
11720,2025-11-13,East,Sports,5,46.21,231.05
11721,2025-11-14,South,Home,2,77.48,154.96
11722,2025-11-14,East,Electronics,5,135.61,678.05
11723,2025-11-14,North,Home,4,78.07,312.28
11724,2025-11-14,West,Electronics,1,142.69,142.69
11725,2025-11-14,West,Electronics,4,127.78,511.12
11726,2025-11-14,West,Home,1,66.18,66.18
11727,2025-11-15,West,Electronics,4,186.46,745.84
11728,2025-11-15,West,Home,3,68.95,206.85
11729,2025-11-15,West,Books,4,24.98,99.92
11730,2025-11-15,North,Sports,2,53.25,106.5
11731,2025-11-15,North,Electronics,4,159.05,636.2
11732,2025-11-15,South,Books,3,24.85,74.55
11733,2025-11-16,West,Sports,1,43.68,43.68
11734,2025-11-16,North,Home,5,65.4,327.0
11735,2025-11-16,South,Electronics,5,174.37,871.85
11736,2025-11-16,South,Electronics,4,164.77,659.08
11737,2025-11-17,West,Home,1,63.03,63.03
11738,2025-11-17,North,Books,3,19.17,57.51
11739,2025-11-17,South,Books,1,22.69,22.69
11740,2025-11-17,South,Books,3,25.22,75.66
11741,2025-11-17,West,Electronics,3,145.14,435.42
11742,2025-11-18,East,Home,5,72.83,364.15
11743,2025-11-18,South,Books,2,18.32,36.64
11744,2025-11-18,East,Home,5,75.14,375.7
11745,2025-11-19,South,Sports,1,52.79,52.79
11746,2025-11-19,East,Books,4,19.68,78.72
11747,2025-11-19,West,Sports,4,44.91,179.64
11748,2025-11-19,West,Sports,4,48.09,192.36
11749,2025-11-19,East,Sports,1,51.67,51.67
11750,2025-11-19,North,Home,5,56.59,282.95
11751,2025-11-19,North,Home,5,53.64,268.2
11752,2025-11-20,South,Books,4,20.81,83.24
11753,2025-11-20,South,Sports,2,57.91,115.82
11754,2025-11-20,North,Home,1,60.51,60.51
11755,2025-11-21,North,Electronics,3,127.63,382.89
11756,2025-11-21,East,Home,4,59.79,239.16
11757,2025-11-21,North,Sports,5,53.08,265.4
11758,2025-11-21,West,Home,1,71.83,71.83
11759,2025-11-21,East,Books,5,20.14,100.7
11760,2025-11-21,North,Books,5,19.13,95.65
11761,2025-11-21,East,Sports,5,39.69,198.45
11762,2025-11-22,East,Sports,5,45.0,225.0
11763,2025-11-22,East,Electronics,5,138.28,691.4
11764,2025-11-22,East,Home,3,58.36,175.08
11765,2025-11-22,West,Home,5,55.39,276.95
11766,2025-11-22,West,Home,3,71.34,214.02
11767,2025-11-22,North,Sports,4,55.68,222.72
11768,2025-11-22,East,Books,4,24.59,98.36
11769,2025-11-23,North,Sports,3,51.79,155.37
11770,2025-11-23,West,Electronics,5,143.32,716.6
11771,2025-11-23,West,Home,5,58.84,294.2
11772,2025-11-23,East,Home,2,79.56,159.12
11773,2025-11-23,West,Home,2,62.28,124.56
11774,2025-11-23,North,Electronics,2,168.18,336.36
11775,2025-11-23,South,Books,4,23.61,94.44
11776,2025-11-24,South,Sports,4,56.13,224.52
11777,2025-11-24,South,Books,2,18.81,37.62
11778,2025-11-24,North,Books,1,20.57,20.57
11779,2025-11-24,West,Electronics,4,158.61,634.44
11780,2025-11-24,West,Home,3,57.22,171.66
11781,2025-11-24,South,Home,3,65.54,196.62
11782,2025-11-24,East,Sports,2,57.73,115.46
11783,2025-11-24,North,Books,4,25.89,103.56
11784,2025-11-25,North,Sports,4,56.13,224.52
11785,2025-11-25,West,Home,3,60.85,182.55
11786,2025-11-25,North,Home,2,65.74,131.48
11787,2025-11-25,East,Home,3,71.15,213.45
11788,2025-11-25,South,Books,1,20.96,20.96
11789,2025-11-25,North,Sports,1,43.75,43.75
11790,2025-11-26,East,Electronics,1,159.94,159.94
11791,2025-11-26,North,Home,1,61.23,61.23
11792,2025-11-26,East,Books,4,19.89,79.56
11793,2025-11-26,West,Books,2,22.12,44.24
11794,2025-11-27,West,Sports,5,42.13,210.65
11795,2025-11-27,East,Electronics,4,186.1,744.4
11796,2025-11-27,South,Home,5,56.93,284.65
11797,2025-11-27,West,Sports,3,53.22,159.66
11798,2025-11-28,West,Books,3,18.81,56.43
11799,2025-11-28,South,Home,3,65.26,195.78
11800,2025-11-28,East,Books,5,25.96,129.8
11801,2025-11-29,East,Home,4,62.68,250.72
11802,2025-11-29,North,Books,1,20.66,20.66
11803,2025-11-29,North,Sports,4,42.07,168.28
11804,2025-11-29,North,Home,1,56.45,56.45
11805,2025-11-29,West,Books,4,18.54,74.16
11806,2025-11-30,South,Books,2,27.23,54.46
11807,2025-11-30,East,Home,2,62.29,124.58
11808,2025-11-30,South,Home,3,74.36,223.08
11809,2025-11-30,West,Electronics,3,146.81,440.43
11810,2025-11-30,South,Sports,4,47.96,191.84
11811,2025-11-30,West,Home,4,65.41,261.64
11812,2025-11-30,North,Home,2,75.65,151.3
11813,2025-11-30,East,Home,5,66.62,333.1
11814,2025-12-01,South,Books,2,19.44,38.88
11815,2025-12-01,West,Home,5,66.36,331.8
11816,2025-12-01,North,Home,1,64.14,64.14
11817,2025-12-01,South,Books,3,23.8,71.4
11818,2025-12-01,North,Home,5,70.16,350.8
11819,2025-12-01,North,Electronics,5,169.93,849.65
11820,2025-12-01,South,Electronics,3,140.95,422.85
11821,2025-12-02,South,Electronics,3,149.18,447.54
11822,2025-12-02,West,Sports,4,46.98,187.92
11823,2025-12-02,North,Sports,5,45.42,227.1
11824,2025-12-02,North,Sports,4,46.57,186.28
11825,2025-12-02,South,Home,5,64.24,321.2
11826,2025-12-03,North,Books,5,25.17,125.85
11827,2025-12-03,West,Sports,1,42.97,42.97
11828,2025-12-03,North,Home,4,60.75,243.0
11829,2025-12-03,North,Electronics,3,150.85,452.55
11830,2025-12-03,West,Sports,1,41.06,41.06
11831,2025-12-03,East,Home,3,78.89,236.67
11832,2025-12-04,West,Electronics,5,167.45,837.25
11833,2025-12-04,North,Electronics,2,164.32,328.64
11834,2025-12-04,West,Books,2,22.2,44.4
11835,2025-12-04,East,Sports,5,41.77,208.85
11836,2025-12-04,West,Books,2,23.02,46.04
11837,2025-12-04,East,Home,5,69.15,345.75
11838,2025-12-05,South,Sports,2,53.94,107.88
11839,2025-12-05,North,Sports,4,54.96,219.84
11840,2025-12-05,North,Electronics,4,159.16,636.64
11841,2025-12-06,North,Electronics,3,133.59,400.77
11842,2025-12-06,West,Electronics,3,138.64,415.92
11843,2025-12-06,South,Books,2,24.56,49.12
11844,2025-12-06,East,Home,4,80.92,323.68
11845,2025-12-06,West,Electronics,3,197.58,592.74
11846,2025-12-06,West,Books,1,25.43,25.43
11847,2025-12-07,South,Electronics,1,166.4,166.4
11848,2025-12-07,East,Books,1,21.1,21.1
11849,2025-12-07,West,Books,3,20.24,60.72
11850,2025-12-07,South,Books,1,23.0,23.0
11851,2025-12-08,West,Sports,4,49.89,199.56
11852,2025-12-08,North,Electronics,3,165.0,495.0
11853,2025-12-08,North,Home,5,76.21,381.05
11854,2025-12-08,North,Home,4,68.01,272.04
11855,2025-12-08,East,Home,3,70.28,210.84
11856,2025-12-08,North,Sports,5,60.2,301.0
11857,2025-12-08,East,Sports,3,41.27,123.81
11858,2025-12-09,North,Sports,3,52.17,156.51
11859,2025-12-09,West,Sports,2,46.71,93.42
11860,2025-12-09,East,Home,4,75.72,302.88
11861,2025-12-09,West,Home,2,61.02,122.04
11862,2025-12-10,West,Home,5,81.71,408.55
11863,2025-12-10,West,Electronics,3,155.02,465.06
11864,2025-12-10,North,Sports,4,48.04,192.16
11865,2025-12-10,East,Sports,5,42.72,213.6
11866,2025-12-10,South,Electronics,5,145.35,726.75
11867,2025-12-11,North,Books,3,21.37,64.11
11868,2025-12-11,South,Sports,3,49.49,148.47
11869,2025-12-11,North,Home,3,74.84,224.52
11870,2025-12-12,South,Electronics,4,149.35,597.4
11871,2025-12-12,West,Home,4,79.3,317.2
11872,2025-12-12,South,Electronics,5,200.09,1000.45
11873,2025-12-13,East,Home,4,57.37,229.48
11874,2025-12-13,East,Sports,2,52.09,104.18
11875,2025-12-13,North,Books,2,26.23,52.46
11876,2025-12-14,West,Sports,5,47.83,239.15
11877,2025-12-14,North,Home,2,69.47,138.94
11878,2025-12-14,West,Sports,2,46.82,93.64
11879,2025-12-14,South,Sports,4,53.91,215.64
11880,2025-12-15,East,Home,3,63.39,190.17
11881,2025-12-15,East,Sports,2,49.45,98.9
11882,2025-12-15,South,Sports,1,54.33,54.33
11883,2025-12-15,West,Sports,2,59.84,119.68
11884,2025-12-15,South,Electronics,5,144.42,722.1
11885,2025-12-15,North,Sports,5,62.76,313.8
11886,2025-12-15,South,Home,2,65.07,130.14
11887,2025-12-16,South,Sports,2,56.5,113.0
11888,2025-12-16,North,Home,1,71.74,71.74
11889,2025-12-16,North,Sports,5,58.61,293.05
11890,2025-12-16,East,Home,4,62.39,249.56
11891,2025-12-16,South,Books,5,25.86,129.3
11892,2025-12-17,East,Home,5,60.92,304.6
11893,2025-12-17,North,Sports,3,44.65,133.95
11894,2025-12-17,North,Electronics,3,164.51,493.53
11895,2025-12-17,West,Books,5,26.94,134.7
11896,2025-12-17,South,Home,4,76.6,306.4
11897,2025-12-17,East,Books,1,22.87,22.87
11898,2025-12-17,South,Sports,1,47.92,47.92
11899,2025-12-17,East,Books,4,22.41,89.64
11900,2025-12-18,West,Electronics,4,187.79,751.16
11901,2025-12-18,South,Home,2,79.43,158.86
11902,2025-12-18,West,Sports,4,47.54,190.16
11903,2025-12-18,West,Home,4,62.03,248.12
11904,2025-12-18,West,Home,5,75.8,379.0
11905,2025-12-19,East,Electronics,2,142.38,284.76
11906,2025-12-19,West,Electronics,3,206.9,620.7
11907,2025-12-19,West,Sports,3,54.99,164.97
11908,2025-12-19,West,Home,4,76.73,306.92
11909,2025-12-19,East,Sports,3,58.09,174.27
11910,2025-12-19,North,Sports,2,63.15,126.3
11911,2025-12-19,East,Electronics,5,198.23,991.15
11912,2025-12-20,East,Electronics,1,188.83,188.83
11913,2025-12-20,South,Electronics,1,150.19,150.19
11914,2025-12-20,North,Home,3,64.8,194.4
11915,2025-12-20,North,Home,1,68.7,68.7
11916,2025-12-21,South,Sports,1,55.89,55.89
11917,2025-12-21,East,Sports,5,49.4,247.0
11918,2025-12-21,North,Sports,5,55.06,275.3
11919,2025-12-22,South,Electronics,3,154.58,463.74
11920,2025-12-22,West,Books,2,28.3,56.6
11921,2025-12-22,West,Books,2,22.47,44.94
11922,2025-12-22,West,Electronics,2,163.3,326.6
11923,2025-12-22,South,Sports,4,46.83,187.32
11924,2025-12-23,West,Home,1,58.72,58.72
11925,2025-12-23,South,Books,2,22.97,45.94
11926,2025-12-23,East,Sports,3,47.71,143.13
11927,2025-12-23,West,Electronics,5,165.24,826.2
11928,2025-12-24,East,Sports,2,57.32,114.64
11929,2025-12-24,North,Home,4,63.59,254.36
11930,2025-12-24,West,Electronics,4,195.41,781.64
11931,2025-12-24,South,Sports,4,58.16,232.64
11932,2025-12-24,West,Home,2,74.31,148.62
11933,2025-12-25,North,Electronics,5,155.25,776.25
11934,2025-12-25,East,Electronics,2,177.12,354.24
11935,2025-12-25,West,Home,3,71.77,215.31
11936,2025-12-25,East,Sports,5,61.32,306.6
11937,2025-12-26,West,Home,4,77.83,311.32
11938,2025-12-26,South,Sports,4,50.3,201.2
11939,2025-12-26,South,Sports,3,43.87,131.61
11940,2025-12-26,North,Electronics,5,145.06,725.3
11941,2025-12-26,West,Books,3,25.75,77.25
11942,2025-12-26,North,Electronics,2,155.25,310.5
11943,2025-12-27,East,Books,5,22.13,110.65
11944,2025-12-27,West,Electronics,1,164.7,164.7
11945,2025-12-27,East,Home,3,88.85,266.55
11946,2025-12-27,North,Sports,2,61.5,123.0
11947,2025-12-27,West,Electronics,4,158.25,633.0
11948,2025-12-27,West,Books,3,25.27,75.81
11949,2025-12-27,West,Electronics,3,161.75,485.25
11950,2025-12-27,West,Electronics,3,181.3,543.9
11951,2025-12-28,East,Sports,1,47.27,47.27
11952,2025-12-28,East,Electronics,5,153.0,765.0
11953,2025-12-28,South,Electronics,5,179.25,896.25
11954,2025-12-28,West,Sports,1,49.61,49.61
11955,2025-12-28,South,Electronics,3,163.66,490.98
11956,2025-12-28,South,Home,2,74.47,148.94
11957,2025-12-28,South,Sports,5,48.46,242.3
11958,2025-12-28,South,Home,3,69.84,209.52
11959,2025-12-29,West,Sports,5,56.44,282.2
11960,2025-12-29,North,Home,3,61.17,183.51
11961,2025-12-29,West,Books,1,27.67,27.67
11962,2025-12-30,West,Home,4,68.5,274.0
11963,2025-12-30,West,Books,3,27.5,82.5
11964,2025-12-30,West,Home,3,89.57,268.71
11965,2025-12-30,South,Electronics,3,193.04,579.12
11966,2025-12-30,West,Sports,4,62.77,251.08
11967,2025-12-31,North,Sports,5,44.5,222.5
11968,2025-12-31,South,Books,4,28.25,113.0
11969,2025-12-31,North,Home,5,68.64,343.2
11970,2025-12-31,North,Sports,3,62.41,187.23
11971,2025-12-31,South,Electronics,3,198.24,594.72
11972,2025-12-31,East,Home,5,63.5,317.5
11973,2025-12-31,North,Books,1,27.67,27.67
